{"stats":{"minecraft:custom":{"minecraft:interact_with_crafting_table":90,"minecraft:open_barrel":30,"minecraft:leave_game":4,"minecraft:time_since_death":263642,"minecraft:sprint_one_cm":378407,"minecraft:drop":185,"minecraft:talked_to_villager":1,"minecraft:play_time":263642,"minecraft:jump":3749,"minecraft:walk_on_water_one_cm":21587,"minecraft:interact_with_furnace":151,"minecraft:sleep_in_bed":3,"minecraft:damage_dealt":15712,"minecraft:crouch_one_cm":19153,"tombstone:undead_killed":44,"minecraft:interact_with_smoker":1,"minecraft:mob_kills":73,"minecraft:interact_with_anvil":1,"minecraft:inspect_hopper":29,"minecraft:climb_one_cm":5734,"minecraft:walk_one_cm":917785,"minecraft:sneak_time":8575,"minecraft:walk_under_water_one_cm":17262,"minecraft:total_world_time":263642,"minecraft:pot_flower":1,"minecraft:time_since_rest":101117,"minecraft:damage_taken":2214,"minecraft:swim_one_cm":16362,"minecraft:fly_one_cm":540515,"minecraft:open_chest":136,"minecraft:fall_one_cm":86079},"minecraft:dropped":{"minecraft:moss_block":11,"minecraft:birch_planks":15,"butchersdelightfoods:cooked_ham":1,"botania:pink_petal":7,"minecraft:diamond":18,"botania:black_mystical_flower":5,"botania:cyan_petal":2,"minecraft:glow_berries":4,"artifacts:cloud_in_a_bottle":1,"botania:red_mushroom":1,"travelersbackpack:standard":1,"minecraft:emerald":16,"minecraft:gold_block":2,"minecraft:dirt":10,"minecraft:mutton":1,"botania:light_gray_mushroom":1,"botania:light_blue_mushroom":2,"artifacts:charm_of_sinking":2,"farmersdelight:onion":10,"minecraft:wooden_sword":1,"minecraft:sand":2,"minecraft:iron_pickaxe":6,"minecraft:birch_log":27,"minecraft:white_wool":1,"minecraft:gold_ingot":13,"minecraft:bone":40,"minecraft:gravel":1,"botania:white_mushroom":4,"minecraft:blackstone":70,"botania:lime_double_flower":1,"minecraft:iron_nugget":42,"minecraft:pink_dye":1,"farmersdelight:cabbage":2,"minecraft:rotten_flesh":7,"corn_delight:corn_seeds":2,"botania:black_mushroom":2,"supplementaries:flax_seeds":8,"butchersdelightfoods:cookedporkribs":1,"minecraft:gunpowder":1,"butchersdelightfoods:cookedbeefribs":1,"minecraft:beetroot_seeds":3,"minecraft:chest":3,"botania:blue_mystical_flower":1,"minecraft:arrow":3,"butchersdelight:hook":3,"minecraft:glass":4,"minecraft:beef":1,"botania:black_lotus":1,"botania:lime_mushroom":1,"farmersdelight:tomato_seeds":10,"minecraft:water_bucket":4,"minecraft:enchanted_book":2,"minecraft:iron_ingot":25,"minecraft:stripped_spruce_log":5,"minecraft:wheat_seeds":8,"tetra:scroll_rolled":2,"minecraft:lilac":1,"butchersdelight:sheephide":4,"minecraft:iron_helmet":2,"minecraft:feather":1,"minecraft:cobblestone":18,"botania:gray_mystical_flower":3,"minecraft:copper_ingot":6,"qualitycrops:glow_berries_iron":2,"minecraft:coal":205,"minecraft:stick":6,"minecraft:wooden_axe":2,"minecraft:iron_leggings":1,"delightful:acorn":2,"minecraft:oak_stairs":1,"minecraft:flowering_azalea":2,"minecraft:iron_axe":2,"minecraft:string":3,"butchersdelight:deadpig":1,"delightful:salmonberries":2,"minecraft:dandelion":1,"minecraft:smooth_basalt":1,"butchersdelight:goat_fur":2,"botania:purple_mushroom":2,"minecraft:stone_sword":1,"minecraft:raw_copper":35,"tetra:geode":21,"butchersdelightfoods:porkribs":2,"minecraft:raw_iron":75,"butchersdelightfoods:cooked_sheeploin":1,"minecraft:iron_boots":1,"ironfurnaces:iron_furnace":1,"minecraft:shears":1,"minecraft:lily_of_the_valley":6,"botania:pink_mushroom":3,"minecraft:allium":41,"minecraft:iron_chestplate":1,"minecraft:mossy_stone_bricks":4,"minecraft:oak_sapling":2,"minecraft:spruce_log":42,"minecraft:stone_pickaxe":1,"minecraft:wooden_pickaxe":1,"qualitycrops:mutton_iron":1},"minecraft:crafted":{"minecraft:oak_planks":128,"minecraft:cooked_chicken":1,"ironfurnaces:iron_furnace":1,"butchersdelightfoods:cooked_ham":1,"ironfurnaces:diamond_furnace":1,"butchersdelightfoods:cooked_leg_cow":1,"minecraft:glass":9,"minecraft:hopper":2,"minecraft:iron_boots":2,"butchersdelightfoods:cookedporkribs":1,"minecraft:chest":7,"minecraft:cooked_porkchop":1,"travelersbackpack:standard":2,"minecraft:crafting_table":7,"minecraft:spruce_planks":16,"minecraft:baked_potato":5,"minecraft:wooden_pickaxe":1,"minecraft:iron_helmet":2,"minecraft:spruce_door":3,"minecraft:copper_ingot":9,"minecraft:gold_block":1,"butchersdelight:cleaver":1,"minecraft:birch_planks":80,"minecraft:iron_chestplate":2,"minecraft:stick":36,"minecraft:iron_ingot":79,"minecraft:iron_pickaxe":4,"minecraft:stone_sword":1,"minecraft:gold_ingot":1,"minecraft:shears":1,"minecraft:wooden_sword":1,"minecraft:oak_door":6,"ironfurnaces:gold_furnace":1,"minecraft:iron_nugget":54,"minecraft:furnace":2,"minecraft:bone_meal":6,"butchersdelightfoods:cookedsheepshank":1,"butchersdelightfoods:cookedbeefribs":1,"travelersbackpack:white_sleeping_bag":2,"minecraft:iron_axe":2,"minecraft:stone_pickaxe":1,"minecraft:cooked_cod":7,"butchersdelight:hook":9,"travelersbackpack:backpack_tank":4,"minecraft:iron_sword":1,"minecraft:bucket":1,"minecraft:stone_axe":1,"butchersdelightfoods:coockedbeeftenderloin":1,"minecraft:air":0,"ironfurnaces:copper_furnace":1,"minecraft:white_wool":1,"minecraft:oak_stairs":16,"minecraft:wooden_axe":1,"minecraft:iron_shovel":1,"minecraft:iron_leggings":2,"minecraft:torch":40,"butchersdelightfoods:cookedporkloin":1},"minecraft:mined":{"minecraft:spruce_planks":2,"corn_delight:wild_corn":2,"minecraft:cave_vines_plant":14,"botania:light_blue_mushroom":1,"minecraft:grass_block":117,"minecraft:hopper":3,"minecraft:spawner":1,"ironfurnaces:gold_furnace":1,"minecraft:iron_ore":25,"minecraft:fire":4,"minecraft:barrel":1,"minecraft:moss_carpet":7,"minecraft:deepslate_lapis_ore":5,"minecraft:cave_vines":19,"minecraft:oak_stairs":2,"minecraft:azalea":1,"botania:green_mystical_flower":2,"minecraft:deepslate_redstone_ore":2,"minecraft:blackstone":106,"minecraft:kelp_plant":1,"minecraft:torch":4,"ironfurnaces:iron_furnace":2,"minecraft:clay":13,"ironfurnaces:copper_furnace":1,"minecraft:chest":4,"minecraft:cobblestone":41,"botania:blue_mystical_flower":5,"minecraft:sugar_cane":7,"minecraft:oak_planks":4,"botania:black_mystical_flower":2,"minecraft:wall_torch":4,"farmersdelight:sandy_shrub":12,"delightful:cantaloupe":7,"minecraft:birch_log":48,"minecraft:lilac":9,"minecraft:jukebox":1,"minecraft:grass":51,"butchersdelight:hook":3,"minecraft:oak_log":51,"minecraft:sand":61,"minecraft:dirt":34,"minecraft:smooth_basalt":2,"minecraft:oak_leaves":3,"minecraft:deepslate":8,"minecraft:deepslate_diamond_ore":6,"minecraft:oak_door":2,"tetra:block_geode":21,"botania:red_mushroom":1,"butchersdelight:deadsheepblock":1,"minecraft:allium":3,"minecraft:decorated_pot":2,"delightful:cantaloupe_plant":2,"farmersdelight:wild_cabbages":24,"minecraft:spruce_leaves":2,"minecraft:moss_block":30,"butchersdelight:deadpigblock":1,"minecraft:large_fern":3,"farmersdelight:wild_onions":17,"botania:purple_mushroom":1,"minecraft:furnace":1,"botania:white_mushroom":2,"minecraft:stripped_spruce_log":4,"minecraft:peony":1,"pineapple_delight:pineapple_wild_crop":1,"minecraft:deepslate_iron_ore":36,"minecraft:rail":2,"butchersdelight:skullcow":1,"butchersdelight:deadllamablock":1,"minecraft:stone":52,"minecraft:white_wool":4,"minecraft:flowering_azalea":8,"minecraft:lily_of_the_valley":2,"minecraft:dandelion":1,"minecraft:crafting_table":2,"botania:pink_mushroom":1,"minecraft:campfire":1,"minecraft:copper_ore":13,"minecraft:tall_grass":8,"minecraft:lapis_ore":6,"minecraft:deepslate_gold_ore":22,"delightful:wild_salmonberries":10,"butchersdelight:deadchickenblock":1,"minecraft:big_dripleaf":3,"supplementaries:urn":28,"minecraft:birch_planks":20,"butchersdelight:deadcowblock":1,"minecraft:spruce_log":41,"minecraft:birch_leaves":3,"minecraft:coal_ore":71,"minecraft:cobweb":1,"minecraft:small_dripleaf":1,"minecraft:mossy_stone_bricks":1,"minecraft:gold_ore":7},"minecraft:broken":{"minecraft:iron_sword":1},"minecraft:used":{"minecraft:moss_block":12,"minecraft:iron_shovel":141,"minecraft:decorated_pot":2,"minecraft:chest":9,"farmersdelight:cabbage":2,"minecraft:iron_sword":279,"butchersdelight:hook":8,"butchersdelightfoods:cookedbeefribs":1,"alexsmobs:lobster_tail":1,"supplementaries:bomb_blue":1,"ironfurnaces:iron_furnace":2,"minecraft:furnace":2,"minecraft:cooked_cod":7,"qualitycrops:cooked_mutton_iron":2,"butchersdelightfoods:coockedbeeftenderloin":1,"minecraft:spruce_door":2,"minecraft:stone_pickaxe":117,"minecraft:oak_planks":63,"minecraft:wooden_pickaxe":12,"minecraft:sugar_cane":15,"butchersdelightfoods:cookedsheepshank":1,"minecraft:white_wool":3,"butchersdelight:skullcow":3,"minecraft:sand":21,"farmersdelight:ham":3,"butchersdelightfoods:cooked_ham":3,"minecraft:wooden_sword":42,"minecraft:birch_log":1,"butchersdelightfoods:cooked_sheeploin":2,"ironfurnaces:copper_furnace":1,"ironfurnaces:gold_furnace":1,"minecraft:stone_sword":53,"butchersdelightfoods:cookedporkloin":1,"minecraft:spruce_planks":12,"minecraft:oak_door":4,"minecraft:cooked_chicken":1,"butchersdelightfoods:cooked_leg_cow":3,"minecraft:torch":78,"minecraft:dirt":119,"minecraft:hopper":5,"ironfurnaces:diamond_furnace":2,"minecraft:wooden_axe":26,"butchersdelight:cleaver":5,"botania:blue_mystical_flower":2,"minecraft:iron_axe":174,"minecraft:oak_stairs":18,"minecraft:iron_boots":1,"butchersdelightfoods:cooked_llama_loin":1,"tombstone:gift":2,"minecraft:iron_leggings":1,"minecraft:water_bucket":6,"minecraft:birch_planks":11,"minecraft:baked_potato":5,"delightful:salmonberries":4,"farmersdelight:onion":22,"minecraft:crafting_table":9,"minecraft:oak_log":3,"minecraft:iron_pickaxe":403,"minecraft:stone_axe":12,"minecraft:cobblestone":38,"minecraft:cooked_porkchop":1,"minecraft:bucket":13,"alexsmobs:animal_dictionary":4},"minecraft:picked_up":{"minecraft:wooden_axe":1,"minecraft:iron_chestplate":2,"butchersdelightfoods:legcow":2,"butchersdelightfoods:llamma_ribs":2,"minecraft:oak_stairs":5,"minecraft:enchanted_book":6,"butchersdelightfoods:llama_loin":2,"botania:light_blue_mushroom":7,"minecraft:string":7,"minecraft:raw_copper":123,"farmersdelight:cabbage":4,"delightful:acorn":3,"minecraft:spruce_planks":2,"minecraft:iron_pickaxe":5,"delightful:green_tea_leaf":2,"farmersdelight:cabbage_seeds":46,"minecraft:furnace":1,"botania:lexicon":1,"minecraft:stick":7,"minecraft:torch":40,"botania:black_mushroom":6,"minecraft:porkchop":6,"tombstone:grave_dust":7,"alexsmobs:centipede_leg":2,"botania:manasteel_ingot":2,"minecraft:rotten_flesh":24,"farmersdelight:onion":25,"butchersdelightfoods:ham":7,"minecraft:blue_dye":1,"supplementaries:ash":114,"alexsmobs:lobster_tail":1,"minecraft:cobblestone":82,"botania:cyan_mushroom":2,"minecraft:birch_log":48,"butchersdelightfoods:beeftenderloin":2,"minecraft:feather":1,"minecraft:lilac":6,"minecraft:water_bucket":3,"butchersdelight:deadpig":9,"delightful:cantaloupe":9,"supplementaries:flax_seeds":20,"butchersdelightfoods:llama_leg":2,"butchersdelight:goat_fur":4,"minecraft:dirt":212,"minecraft:lapis_lazuli":218,"minecraft:bone":81,"minecraft:glass":26,"tetra:scroll_rolled":4,"butchersdelightfoods:cookedbeefribs":1,"minecraft:wheat_seeds":8,"minecraft:raw_gold":81,"minecraft:mossy_stone_bricks":4,"minecraft:oak_planks":7,"minecraft:moss_block":24,"ironfurnaces:iron_furnace":4,"botania:gray_mystical_flower":9,"qualitycrops:mutton_gold":1,"botania:pink_petal":14,"butchersdelight:cow_hide":6,"butchersdelight:skullcow":5,"minecraft:sand":63,"butchersdelightfoods:porkloin":6,"minecraft:stripped_spruce_log":9,"minecraft:grass_block":1,"minecraft:lily_of_the_valley":6,"farmersdelight:ham":6,"butchersdelightfoods:beefribs":2,"alexsmobs:animal_dictionary":1,"minecraft:bundle":1,"minecraft:diamond":38,"butchersdelight:deadllama":3,"minecraft:emerald":64,"minecraft:oak_sapling":2,"butchersdelight:hook":6,"butchersdelightfoods:sheepshank":6,"minecraft:crafting_table":3,"minecraft:allium":63,"minecraft:chicken":1,"botania:white_mushroom":8,"minecraft:clay_ball":112,"minecraft:gold_block":3,"minecraft:iron_axe":1,"qualitycrops:mutton_iron":3,"minecraft:iron_shovel":1,"minecraft:blackstone":197,"butchersdelight:dead_cow":6,"butchersdelightfoods:sheeploin":7,"minecraft:beef":2,"minecraft:iron_nugget":82,"minecraft:poppy":2,"minecraft:sugar_cane":18,"minecraft:chest":9,"butchersdelightfoods:porkribs":8,"minecraft:raw_iron":173,"minecraft:oak_door":2,"artifacts:charm_of_sinking":3,"minecraft:copper_ingot":7,"botania:purple_mushroom":7,"farmersdelight:tomato_seeds":30,"botania:lime_double_flower":3,"botania:pink_mushroom":6,"botania:black_lotus":3,"corn_delight:corn_seeds":7,"minecraft:arrow":5,"butchersdelight:deadsheep":7,"minecraft:beetroot_seeds":3,"minecraft:decorated_pot":2,"ironfurnaces:gold_furnace":1,"botania:blue_mystical_flower":8,"butchersdelightfoods:sheeprack":7,"minecraft:gold_ingot":31,"botania:green_mystical_flower":2,"minecraft:glow_berries":4,"minecraft:mutton":12,"minecraft:white_wool":13,"minecraft:leather":2,"minecraft:birch_planks":29,"botania:light_gray_mushroom":3,"minecraft:oak_log":57,"minecraft:gunpowder":2,"artifacts:cloud_in_a_bottle":1,"botania:red_mushroom":4,"tombstone:gift":1,"botania:black_mystical_flower":18,"butchersdelight:deadchiken":1,"minecraft:kelp":5,"qualitycrops:glow_berries_iron":2,"minecraft:iron_ingot":112,"botania:cyan_petal":6,"minecraft:flowering_azalea":2,"minecraft:smooth_basalt":1,"minecraft:dandelion":1,"minecraft:gravel":1,"botania:lime_mushroom":3,"delightful:salmonberries":6,"minecraft:spruce_log":42,"butchersdelight:sheephide":15,"tetra:geode":67,"minecraft:stone_axe":1,"ironfurnaces:copper_furnace":1,"minecraft:iron_helmet":1,"pineapple_delight:pineapple_crop":2,"minecraft:coal":556,"minecraft:pink_dye":3,"minecraft:hopper":3,"minecraft:ender_pearl":3},"minecraft:killed":{"alexsmobs:lobster":3,"minecraft:spider":9,"minecraft:skeleton":13,"artifacts:mimic":3,"minecraft:wolf":1,"minecraft:creeper":3,"minecraft:sheep":5,"minecraft:zombie":31,"minecraft:glow_squid":1,"alexsmobs:raccoon":1,"alexsmobs:sugar_glider":1,"minecraft:enderman":2}},"DataVersion":3465}