{"stats":{"minecraft:killed":{"alexsmobs:lobster":3,"minecraft:witch":1,"minecraft:spider":13,"minecraft:skeleton":15,"artifacts:mimic":3,"minecraft:wolf":1,"alexsmobs:grizzly_bear":1,"minecraft:creeper":6,"minecraft:sheep":7,"minecraft:zombie":40,"alexsmobs:fly":2,"minecraft:glow_squid":1,"alexsmobs:raccoon":1,"alexsmobs:sugar_glider":1,"minecraft:phantom":3,"alexsmobs:flying_fish":2,"minecraft:wandering_trader":1,"minecraft:enderman":3},"minecraft:dropped":{"farmersdelight:iron_knife":1,"minecraft:moss_block":11,"minecraft:birch_planks":126,"botania:pink_petal":7,"butchersdelightfoods:cooked_ham":1,"minecraft:oak_log":31,"minecraft:diamond":35,"botania:black_mystical_flower":5,"botania:cyan_petal":2,"minecraft:glow_berries":4,"artifacts:cloud_in_a_bottle":1,"minecraft:leather":1,"botania:red_mushroom":1,"travelersbackpack:iron_tier_upgrade":1,"travelersbackpack:standard":1,"farmersdelight:rice":10,"minecraft:emerald":16,"minecraft:gold_block":2,"minecraft:dirt":10,"minecraft:mutton":1,"alexsmobs:flying_fish":1,"botania:light_gray_mushroom":1,"botania:light_blue_mushroom":2,"artifacts:charm_of_sinking":2,"farmersdelight:onion":10,"minecraft:amethyst_shard":1,"alexscaves:cave_map":1,"minecraft:wooden_sword":1,"minecraft:sand":2,"minecraft:iron_pickaxe":6,"minecraft:birch_log":55,"minecraft:white_wool":1,"minecraft:gold_ingot":13,"qualitycrops:cooked_mutton_gold":2,"minecraft:blackstone":70,"minecraft:gravel":1,"minecraft:bone":41,"minecraft:oak_door":4,"botania:white_mushroom":4,"botania:lime_double_flower":1,"minecraft:birch_sapling":1,"alexscaves:cave_tablet":1,"farmersdelight:cabbage":5,"minecraft:iron_nugget":42,"minecraft:pink_dye":1,"minecraft:rotten_flesh":7,"botania:purple_mystical_flower":1,"minecraft:oak_planks":54,"corn_delight:corn_seeds":2,"botania:black_mushroom":2,"minecraft:poppy":6,"supplementaries:flax_seeds":8,"butchersdelightfoods:cookedporkribs":7,"minecraft:birch_trapdoor":2,"butchersdelightfoods:cookedbeefribs":1,"minecraft:gunpowder":1,"minecraft:beetroot_seeds":3,"minecraft:chest":3,"botania:blue_mystical_flower":1,"butchersdelight:hook":3,"minecraft:arrow":5,"minecraft:glass":4,"minecraft:beef":1,"botania:black_lotus":1,"botania:lime_mushroom":1,"farmersdelight:tomato_seeds":10,"minecraft:enchanted_book":2,"minecraft:stripped_spruce_log":5,"minecraft:iron_ingot":31,"minecraft:water_bucket":5,"minecraft:wheat_seeds":8,"minecraft:lilac":4,"butchersdelight:sheephide":4,"farmersdelight:skillet":1,"minecraft:feather":1,"botania:gray_mystical_flower":3,"minecraft:cobblestone":18,"minecraft:iron_helmet":2,"minecraft:copper_ingot":9,"qualitycrops:glow_berries_iron":2,"minecraft:spruce_door":1,"minecraft:coal":206,"minecraft:stick":11,"minecraft:torch":64,"minecraft:wooden_axe":2,"qualitysdelight:cabbage_diamond":1,"minecraft:iron_leggings":1,"delightful:acorn":2,"minecraft:oak_stairs":9,"minecraft:flowering_azalea":2,"minecraft:iron_axe":6,"minecraft:smooth_basalt":1,"minecraft:string":3,"butchersdelight:deadpig":1,"minecraft:paper":1,"delightful:salmonberries":2,"minecraft:dandelion":2,"butchersdelight:goat_fur":2,"botania:purple_mushroom":2,"minecraft:kelp":5,"qualitysdelight:onion_iron":1,"minecraft:stone_sword":1,"minecraft:raw_copper":35,"butchersdelightfoods:porkribs":2,"minecraft:raw_iron":75,"farmersdelight:cabbage_seeds":9,"butchersdelightfoods:cooked_sheeploin":1,"farmersdelight:tomato_sauce":2,"minecraft:clay_ball":1,"minecraft:iron_boots":1,"ironfurnaces:iron_furnace":1,"minecraft:shears":2,"minecraft:lily_of_the_valley":6,"botania:pink_mushroom":3,"minecraft:potato":6,"miners_delight:cave_carrot":10,"minecraft:allium":41,"delightful:nut_butter_bottle":1,"minecraft:spruce_planks":43,"minecraft:iron_chestplate":1,"minecraft:mossy_stone_bricks":4,"minecraft:oak_sapling":2,"minecraft:wooden_shovel":1,"minecraft:spruce_log":42,"botania:pink_mystical_flower":2,"minecraft:stone_pickaxe":1,"minecraft:wooden_pickaxe":1,"qualitycrops:mutton_iron":1,"pineapple_delight:pineapple":1},"minecraft:used":{"minecraft:moss_block":12,"minecraft:iron_shovel":253,"farmersdelight:cabbage_seeds":5,"minecraft:chest":18,"minecraft:decorated_pot":2,"butchersdelight:hook":19,"farmersdelight:cabbage":2,"minecraft:iron_sword":279,"farmersdelight:birch_cabinet":2,"minecraft:rotten_flesh":1,"butchersdelightfoods:cookedbeefribs":4,"minecraft:allium":3,"alexsmobs:lobster_tail":1,"supplementaries:bomb_blue":1,"farmersdelight:tomato_sauce":2,"ironfurnaces:iron_furnace":2,"farmersdelight:cutting_board":1,"minecraft:furnace":2,"minecraft:cooked_cod":7,"farmersdelight:safety_net":9,"qualitycrops:cooked_mutton_iron":2,"minecraft:damaged_anvil":1,"butchersdelightfoods:coockedbeeftenderloin":3,"minecraft:spruce_door":4,"minecraft:stone_pickaxe":117,"minecraft:blackstone":14,"minecraft:wooden_pickaxe":12,"minecraft:oak_planks":92,"butchersdelightfoods:cookedsheepshank":6,"botania:orange_mystical_flower":4,"minecraft:sugar_cane":17,"butchersdelight:skullcow":4,"minecraft:white_wool":3,"minecraft:sand":21,"alexscaves:cave_book":3,"minecraft:birch_fence":14,"minecraft:zombie_head":1,"minecraft:iron_door":2,"farmersdelight:ham":3,"butchersdelightfoods:cooked_ham":4,"minecraft:wooden_sword":42,"minecraft:smithing_table":1,"botania:magenta_mystical_flower":4,"minecraft:birch_log":7,"butchersdelightfoods:cooked_sheeploin":4,"ironfurnaces:gold_furnace":1,"minecraft:rose_bush":1,"ironfurnaces:copper_furnace":1,"botania:white_mushroom":2,"minecraft:stone_sword":53,"butchersdelightfoods:cookedporkloin":4,"minecraft:spruce_planks":181,"botania:green_mystical_flower":7,"butchersdelightfoods:cooked_leg_cow":4,"minecraft:cooked_chicken":1,"minecraft:oak_door":4,"minecraft:torch":142,"minecraft:brewing_stand":1,"minecraft:dirt":313,"ironfurnaces:diamond_furnace":5,"minecraft:hopper":9,"minecraft:spruce_stairs":2,"minecraft:wooden_axe":26,"butchersdelight:cleaver":5,"botania:blue_mystical_flower":2,"minecraft:iron_axe":932,"minecraft:oak_stairs":54,"minecraft:iron_boots":1,"butchersdelightfoods:cooked_llama_loin":2,"alexscaves:spelunkery_table":1,"farmersdelight:cooking_pot":2,"tombstone:gift":3,"minecraft:cooked_beef":2,"farmersdelight:tomato_seeds":1,"minecraft:cobbled_deepslate":8,"minecraft:iron_leggings":1,"minecraft:cooked_mutton":3,"minecraft:water_bucket":6,"farmersdelight:skillet":1,"minecraft:birch_planks":458,"minecraft:glass_bottle":1,"minecraft:baked_potato":5,"delightful:salmonberries":4,"farmersdelight:onion":28,"minecraft:crafting_table":17,"minecraft:magenta_bed":1,"minecraft:campfire":1,"alexsmobs:flying_fish":1,"botania:red_mystical_flower":2,"minecraft:spruce_log":9,"minecraft:oak_log":8,"corn_delight:corn_seeds":2,"minecraft:diamond_pickaxe":11,"minecraft:iron_pickaxe":731,"minecraft:spruce_pressure_plate":4,"minecraft:stone_axe":12,"butchersdelightfoods:cookedsheeprack":6,"minecraft:cobblestone":103,"ironfurnaces:emerald_furnace":1,"travelersbackpack:standard":8,"minecraft:cooked_porkchop":3,"minecraft:bucket":15,"alexsmobs:animal_dictionary":8},"minecraft:crafted":{"minecraft:oak_planks":268,"minecraft:cooked_chicken":1,"minecraft:birch_slab":6,"ironfurnaces:iron_furnace":1,"butchersdelightfoods:cooked_ham":1,"minecraft:diamond_shovel":1,"ironfurnaces:diamond_furnace":1,"butchersdelightfoods:cooked_leg_cow":1,"minecraft:spruce_pressure_plate":4,"farmersdelight:safety_net":3,"minecraft:glass":9,"minecraft:hopper":2,"minecraft:iron_boots":2,"butchersdelightfoods:cookedporkribs":1,"minecraft:chest":15,"minecraft:iron_door":6,"minecraft:glass_bottle":3,"farmersdelight:tomato_seeds":1,"minecraft:wooden_shovel":1,"minecraft:cooked_porkchop":1,"minecraft:crafting_table":10,"minecraft:iron_helmet":2,"minecraft:baked_potato":5,"minecraft:spruce_planks":288,"farmersdelight:iron_knife":1,"minecraft:wooden_pickaxe":1,"travelersbackpack:standard":3,"minecraft:spruce_door":6,"minecraft:smithing_table":1,"minecraft:copper_ingot":9,"minecraft:gold_block":1,"butchersdelight:cleaver":1,"minecraft:birch_planks":380,"minecraft:campfire":1,"farmersdelight:skillet":1,"farmersdelight:cutting_board":1,"minecraft:diamond_pickaxe":1,"minecraft:iron_chestplate":2,"minecraft:paper":12,"minecraft:birch_fence":15,"minecraft:stick":84,"minecraft:iron_ingot":81,"minecraft:iron_pickaxe":5,"minecraft:stone_sword":1,"minecraft:gold_ingot":1,"minecraft:shears":2,"minecraft:wooden_sword":1,"minecraft:oak_door":6,"ironfurnaces:gold_furnace":1,"minecraft:iron_nugget":81,"minecraft:furnace":2,"minecraft:bone_meal":6,"butchersdelightfoods:cookedsheepshank":1,"alexscaves:cave_map":1,"butchersdelightfoods:cookedbeefribs":1,"ironfurnaces:emerald_furnace":1,"minecraft:spruce_stairs":8,"travelersbackpack:white_sleeping_bag":2,"farmersdelight:birch_cabinet":1,"minecraft:iron_axe":5,"minecraft:stone_pickaxe":1,"minecraft:cooked_cod":7,"butchersdelight:hook":14,"travelersbackpack:backpack_tank":4,"minecraft:iron_sword":1,"minecraft:bowl":12,"minecraft:bucket":1,"minecraft:stone_axe":1,"butchersdelightfoods:coockedbeeftenderloin":1,"minecraft:air":0,"ironfurnaces:copper_furnace":1,"minecraft:white_wool":1,"minecraft:raw_gold":54,"minecraft:oak_stairs":28,"minecraft:wooden_axe":1,"minecraft:birch_trapdoor":4,"minecraft:iron_shovel":1,"minecraft:iron_leggings":2,"minecraft:torch":64,"butchersdelightfoods:cookedporkloin":1},"minecraft:mined":{"miners_delight:wild_cave_carrots":7,"minecraft:large_amethyst_bud":1,"minecraft:spruce_planks":41,"corn_delight:wild_corn":9,"botania:red_mystical_flower":2,"minecraft:brewing_stand":1,"minecraft:cave_vines_plant":14,"botania:light_blue_mushroom":1,"minecraft:grass_block":221,"minecraft:hopper":7,"minecraft:spawner":1,"minecraft:magma_block":4,"ironfurnaces:gold_furnace":1,"minecraft:barrel":1,"minecraft:iron_ore":37,"minecraft:fire":4,"minecraft:moss_carpet":7,"minecraft:deepslate_lapis_ore":17,"minecraft:cave_vines":19,"minecraft:oak_stairs":52,"minecraft:pink_tulip":1,"minecraft:azalea":2,"corn_delight:corn_crop":1,"farmersdelight:wild_potatoes":6,"ae2:large_quartz_bud":1,"botania:green_mystical_flower":9,"minecraft:deepslate_redstone_ore":6,"minecraft:brown_mushroom":18,"botania:orange_mystical_flower":5,"minecraft:blackstone":120,"minecraft:kelp_plant":1,"ironfurnaces:iron_furnace":2,"minecraft:clay":27,"ironfurnaces:copper_furnace":1,"minecraft:torch":50,"minecraft:poppy":1,"minecraft:chest":6,"farmersdelight:safety_net":6,"farmersdelight:cabbages":5,"minecraft:cobblestone":42,"botania:blue_mystical_flower":5,"minecraft:oak_planks":29,"minecraft:sugar_cane":21,"minecraft:damaged_anvil":1,"minecraft:wall_torch":123,"botania:black_mystical_flower":4,"farmersdelight:sandy_shrub":12,"minecraft:birch_log":158,"delightful:cantaloupe":7,"minecraft:magenta_bed":1,"pineapple_delight:pineapple_crop":1,"minecraft:lilac":11,"minecraft:jukebox":1,"minecraft:grass":74,"ae2:quartz_block":2,"butchersdelight:hook":3,"minecraft:oak_log":90,"ae2:small_quartz_bud":5,"botania:gray_double_flower":2,"minecraft:sand":61,"minecraft:dirt":118,"minecraft:smooth_basalt":2,"minecraft:oak_leaves":12,"minecraft:deepslate":21,"alexscaves:spelunkery_table":1,"minecraft:deepslate_diamond_ore":23,"minecraft:oak_door":2,"botania:red_mushroom":4,"butchersdelight:deadsheepblock":1,"minecraft:allium":9,"minecraft:decorated_pot":2,"delightful:cantaloupe_plant":2,"farmersdelight:wild_cabbages":24,"minecraft:spruce_leaves":6,"minecraft:moss_block":34,"butchersdelight:deadpigblock":1,"minecraft:large_fern":10,"farmersdelight:wild_onions":27,"botania:purple_mushroom":1,"botania:magenta_mystical_flower":5,"minecraft:furnace":1,"botania:white_mushroom":2,"minecraft:stripped_spruce_log":4,"ae2:mysterious_cube":1,"minecraft:peony":1,"minecraft:bookshelf":1,"minecraft:deepslate_iron_ore":60,"pineapple_delight:pineapple_wild_crop":1,"minecraft:rail":2,"butchersdelight:skullcow":1,"ae2:sky_stone_block":14,"butchersdelight:deadllamablock":1,"minecraft:stone":126,"minecraft:white_wool":4,"farmersdelight:birch_cabinet":1,"farmersdelight:cooking_pot":2,"minecraft:smithing_table":1,"minecraft:flowering_azalea":8,"minecraft:lily_of_the_valley":2,"minecraft:dandelion":2,"minecraft:crafting_table":6,"minecraft:emerald_ore":1,"minecraft:rose_bush":1,"botania:pink_mushroom":1,"minecraft:campfire":2,"minecraft:copper_ore":14,"minecraft:tall_grass":9,"minecraft:deepslate_gold_ore":27,"minecraft:lapis_ore":13,"delightful:wild_salmonberries":10,"butchersdelight:deadchickenblock":1,"minecraft:big_dripleaf":3,"supplementaries:urn":55,"botania:pink_mystical_flower":5,"minecraft:birch_planks":237,"ironfurnaces:diamond_furnace":4,"butchersdelight:deadcowblock":1,"minecraft:spruce_log":180,"minecraft:birch_leaves":7,"minecraft:coal_ore":134,"minecraft:cobweb":1,"botania:gray_mystical_flower":5,"minecraft:small_dripleaf":1,"minecraft:mossy_stone_bricks":1,"minecraft:gold_ore":9,"minecraft:fern":31},"minecraft:broken":{"minecraft:iron_shovel":1,"minecraft:iron_sword":1,"minecraft:iron_axe":3,"minecraft:iron_pickaxe":2,"minecraft:iron_helmet":1},"minecraft:custom":{"minecraft:interact_with_crafting_table":136,"minecraft:open_barrel":38,"minecraft:leave_game":10,"minecraft:time_since_death":572554,"minecraft:sprint_one_cm":1096872,"minecraft:drop":274,"minecraft:talked_to_villager":3,"minecraft:play_time":572554,"minecraft:jump":7591,"minecraft:walk_on_water_one_cm":53641,"minecraft:interact_with_furnace":176,"minecraft:interact_with_loom":9,"minecraft:sleep_in_bed":11,"minecraft:damage_dealt":22653,"minecraft:crouch_one_cm":60630,"tombstone:undead_killed":58,"tombstone:villager_killed":1,"minecraft:interact_with_smoker":1,"minecraft:interact_with_smithing_table":10,"minecraft:interact_with_anvil":2,"minecraft:mob_kills":105,"minecraft:inspect_hopper":39,"minecraft:climb_one_cm":7981,"minecraft:walk_one_cm":1654533,"minecraft:sneak_time":21712,"minecraft:walk_under_water_one_cm":33787,"minecraft:interact_with_blast_furnace":1,"minecraft:total_world_time":572554,"tombstone:raider_killed":4,"minecraft:pot_flower":1,"minecraft:time_since_rest":10589,"minecraft:damage_taken":4093,"minecraft:swim_one_cm":52621,"minecraft:fly_one_cm":1233591,"minecraft:open_chest":324,"minecraft:fall_one_cm":192051},"minecraft:picked_up":{"minecraft:wooden_axe":1,"minecraft:iron_chestplate":2,"farmersdelight:birch_cabinet":1,"butchersdelightfoods:legcow":2,"butchersdelightfoods:llamma_ribs":2,"minecraft:smithing_table":1,"alexscaves:cave_tablet":1,"minecraft:oak_stairs":71,"minecraft:enchanted_book":6,"minecraft:brewing_stand":1,"botania:light_blue_mushroom":7,"butchersdelightfoods:llama_loin":2,"minecraft:string":8,"minecraft:raw_copper":126,"minecraft:zombie_head":1,"minecraft:cobbled_deepslate":13,"farmersdelight:cabbage":9,"minecraft:spruce_planks":106,"delightful:acorn":4,"minecraft:rose_bush":1,"minecraft:azalea":1,"minecraft:iron_pickaxe":5,"delightful:green_tea_leaf":4,"farmersdelight:cabbage_seeds":60,"qualitycrops:sugar_cane_iron":1,"minecraft:iron_boots":1,"minecraft:furnace":1,"minecraft:stick":19,"botania:lexicon":1,"farmersdelight:rotten_tomato":1,"minecraft:torch":246,"botania:black_mushroom":6,"minecraft:porkchop":6,"tombstone:grave_dust":7,"alexsmobs:centipede_leg":2,"ae2:sky_stone_block":17,"botania:manasteel_ingot":2,"qualitysdelight:onion_iron":1,"minecraft:rotten_flesh":32,"farmersdelight:onion":34,"butchersdelightfoods:ham":7,"minecraft:blue_dye":1,"supplementaries:ash":162,"alexsmobs:lobster_tail":1,"alexsmobs:flying_fish":2,"minecraft:cobblestone":155,"minecraft:birch_log":157,"botania:cyan_mushroom":2,"butchersdelightfoods:beeftenderloin":2,"minecraft:magma_block":3,"minecraft:feather":1,"minecraft:lilac":8,"farmersdelight:rice":10,"minecraft:water_bucket":3,"farmersdelight:safety_net":6,"minecraft:potato":6,"alexsmobs:bear_fur":1,"butchersdelight:deadpig":11,"delightful:cantaloupe":9,"supplementaries:flax_seeds":25,"minecraft:magenta_bed":1,"butchersdelightfoods:cookedporkloin":3,"butchersdelightfoods:llama_leg":2,"butchersdelight:goat_fur":4,"minecraft:lapis_lazuli":331,"farmersdelight:tomato":2,"minecraft:dirt":414,"minecraft:glass":26,"minecraft:bone":106,"butchersdelightfoods:cookedbeefribs":1,"butchersdelightfoods:cookedsheeprack":6,"botania:pink_mystical_flower":4,"minecraft:wheat_seeds":11,"minecraft:raw_gold":88,"botania:purple_mystical_flower":1,"ae2:logic_processor_press":1,"minecraft:mossy_stone_bricks":4,"botania:gray_mystical_flower":14,"minecraft:moss_block":24,"minecraft:oak_planks":86,"ironfurnaces:iron_furnace":4,"butchersdelightfoods:cooked_llama_leg":1,"botania:red_mystical_flower":2,"miners_delight:gossypium":7,"botania:gray_double_flower":2,"minecraft:cooked_porkchop":2,"qualitycrops:mutton_gold":2,"botania:pink_petal":14,"butchersdelight:skullcow":5,"butchersdelight:cow_hide":6,"qualitycrops:sugar_cane_diamond":1,"butchersdelightfoods:porkloin":6,"minecraft:sand":63,"minecraft:stripped_spruce_log":9,"minecraft:grass_block":1,"minecraft:lily_of_the_valley":6,"farmersdelight:ham":6,"butchersdelightfoods:beefribs":2,"ae2:quartz_block":2,"alexsmobs:animal_dictionary":1,"minecraft:bundle":2,"minecraft:sugar":1,"minecraft:diamond":55,"qualitycrops:apple_diamond":1,"butchersdelight:deadllama":4,"minecraft:emerald":107,"minecraft:oak_sapling":18,"alexsmobs:maggot":3,"butchersdelight:hook":6,"butchersdelightfoods:sheepshank":7,"minecraft:charcoal":2,"minecraft:crafting_table":8,"minecraft:allium":87,"minecraft:chicken":1,"botania:white_mushroom":8,"minecraft:clay_ball":176,"minecraft:brown_mushroom":15,"farmersdelight:tomato_sauce":2,"minecraft:gold_block":3,"ae2:silicon_press":1,"minecraft:brick":42,"minecraft:iron_axe":5,"miners_delight:cave_carrot":10,"qualitycrops:mutton_iron":4,"minecraft:blackstone":211,"minecraft:iron_shovel":1,"botania:magenta_mystical_flower":5,"butchersdelightfoods:cookedporkribs":1,"butchersdelight:dead_cow":6,"butchersdelightfoods:sheeploin":8,"minecraft:beef":2,"ironfurnaces:diamond_furnace":2,"minecraft:iron_nugget":106,"minecraft:birch_sapling":1,"minecraft:poppy":6,"minecraft:light_gray_wool":1,"minecraft:sugar_cane":44,"minecraft:chest":11,"butchersdelightfoods:porkribs":8,"minecraft:phantom_membrane":1,"minecraft:raw_iron":208,"minecraft:oak_door":2,"qualitycrops:sugar_cane_gold":1,"artifacts:charm_of_sinking":3,"minecraft:copper_ingot":10,"botania:purple_mushroom":7,"butchersdelightfoods:cooked_llama_ribs":2,"farmersdelight:tomato_seeds":31,"botania:lime_double_flower":3,"botania:pink_mushroom":6,"minecraft:redstone":19,"botania:black_lotus":3,"corn_delight:corn_seeds":14,"minecraft:arrow":6,"butchersdelight:deadsheep":9,"minecraft:decorated_pot":2,"minecraft:beetroot_seeds":3,"ae2:certus_quartz_dust":6,"ironfurnaces:gold_furnace":1,"minecraft:shears":1,"botania:blue_mystical_flower":8,"alexscaves:spelunkery_table":1,"minecraft:gold_ingot":31,"butchersdelightfoods:sheeprack":7,"ae2:calculation_processor_press":1,"miners_delight:bat_wing":2,"botania:green_mystical_flower":9,"minecraft:glow_berries":5,"minecraft:mutton":12,"qualitysdelight:cabbage_diamond":1,"minecraft:white_wool":14,"minecraft:leather":2,"minecraft:birch_planks":318,"botania:light_gray_mushroom":3,"minecraft:oak_log":110,"qualitycrops:cooked_mutton_gold":1,"minecraft:gunpowder":3,"artifacts:cloud_in_a_bottle":1,"botania:red_mushroom":7,"minecraft:paper":1,"tombstone:gift":1,"botania:black_mystical_flower":20,"butchersdelight:deadchiken":5,"qualitycrops:apple_iron":1,"minecraft:kelp":5,"farmersdelight:cooking_pot":2,"qualitycrops:glow_berries_iron":2,"minecraft:iron_ingot":112,"pineapple_delight:pineapple":1,"botania:cyan_petal":6,"minecraft:flowering_azalea":2,"minecraft:book":3,"minecraft:smooth_basalt":1,"minecraft:dandelion":2,"minecraft:gravel":1,"minecraft:amethyst_shard":2,"minecraft:spruce_sapling":1,"delightful:salmonberries":6,"botania:lime_mushroom":3,"minecraft:spruce_log":180,"farmersdelight:cabbage_leaf":2,"minecraft:spider_eye":1,"butchersdelight:sheephide":15,"minecraft:stone_axe":1,"ironfurnaces:copper_furnace":1,"botania:orange_mystical_flower":4,"minecraft:iron_helmet":1,"ae2:engineering_processor_press":1,"alexscaves:cave_map":1,"pineapple_delight:pineapple_crop":2,"minecraft:damaged_anvil":1,"minecraft:coal":619,"minecraft:pink_dye":3,"minecraft:hopper":6,"minecraft:ender_pearl":4}},"DataVersion":3465}