{"stats":{"minecraft:custom":{"minecraft:interact_with_crafting_table":117,"minecraft:open_barrel":30,"minecraft:leave_game":5,"minecraft:time_since_death":385440,"minecraft:sprint_one_cm":629223,"minecraft:drop":240,"minecraft:talked_to_villager":3,"minecraft:play_time":385440,"minecraft:jump":5084,"minecraft:walk_on_water_one_cm":31389,"minecraft:interact_with_furnace":165,"minecraft:sleep_in_bed":6,"minecraft:damage_dealt":19074,"minecraft:crouch_one_cm":24628,"tombstone:undead_killed":51,"tombstone:villager_killed":1,"minecraft:interact_with_smoker":1,"minecraft:interact_with_smithing_table":10,"minecraft:interact_with_anvil":1,"minecraft:mob_kills":90,"minecraft:inspect_hopper":35,"minecraft:climb_one_cm":5734,"minecraft:walk_one_cm":1223871,"minecraft:sneak_time":10581,"minecraft:walk_under_water_one_cm":27352,"minecraft:total_world_time":385440,"tombstone:raider_killed":4,"minecraft:pot_flower":1,"minecraft:time_since_rest":460,"minecraft:damage_taken":3039,"minecraft:swim_one_cm":29026,"minecraft:fly_one_cm":785085,"minecraft:open_chest":223,"minecraft:fall_one_cm":122458},"minecraft:crafted":{"minecraft:oak_planks":168,"minecraft:cooked_chicken":1,"minecraft:birch_slab":6,"ironfurnaces:iron_furnace":1,"butchersdelightfoods:cooked_ham":1,"minecraft:diamond_shovel":1,"butchersdelightfoods:cooked_leg_cow":1,"ironfurnaces:diamond_furnace":1,"farmersdelight:safety_net":3,"minecraft:glass":9,"minecraft:hopper":2,"minecraft:iron_boots":2,"butchersdelightfoods:cookedporkribs":1,"minecraft:chest":10,"farmersdelight:tomato_seeds":1,"minecraft:glass_bottle":3,"minecraft:wooden_shovel":1,"minecraft:cooked_porkchop":1,"farmersdelight:iron_knife":1,"minecraft:crafting_table":10,"minecraft:spruce_planks":28,"travelersbackpack:standard":3,"minecraft:baked_potato":5,"minecraft:iron_helmet":2,"minecraft:wooden_pickaxe":1,"minecraft:smithing_table":1,"minecraft:spruce_door":3,"minecraft:copper_ingot":9,"minecraft:gold_block":1,"butchersdelight:cleaver":1,"minecraft:birch_planks":292,"farmersdelight:skillet":1,"farmersdelight:cutting_board":1,"minecraft:iron_chestplate":2,"minecraft:stick":60,"minecraft:iron_ingot":79,"minecraft:iron_pickaxe":4,"minecraft:stone_sword":1,"minecraft:gold_ingot":1,"minecraft:shears":1,"minecraft:wooden_sword":1,"minecraft:oak_door":6,"ironfurnaces:gold_furnace":1,"minecraft:iron_nugget":54,"minecraft:furnace":2,"butchersdelightfoods:cookedsheepshank":1,"minecraft:bone_meal":6,"butchersdelightfoods:cookedbeefribs":1,"travelersbackpack:white_sleeping_bag":2,"farmersdelight:birch_cabinet":1,"minecraft:iron_axe":4,"minecraft:stone_pickaxe":1,"tetra:modular_double":1,"minecraft:cooked_cod":7,"butchersdelight:hook":9,"travelersbackpack:backpack_tank":4,"minecraft:iron_sword":1,"minecraft:bowl":12,"minecraft:bucket":1,"minecraft:stone_axe":1,"butchersdelightfoods:coockedbeeftenderloin":1,"minecraft:air":0,"ironfurnaces:copper_furnace":1,"minecraft:white_wool":1,"minecraft:birch_trapdoor":4,"minecraft:wooden_axe":1,"minecraft:oak_stairs":16,"minecraft:iron_shovel":1,"minecraft:iron_leggings":2,"minecraft:torch":64,"butchersdelightfoods:cookedporkloin":1},"minecraft:mined":{"minecraft:spruce_planks":22,"corn_delight:wild_corn":9,"botania:red_mystical_flower":2,"minecraft:cave_vines_plant":14,"botania:light_blue_mushroom":1,"minecraft:grass_block":166,"minecraft:hopper":7,"minecraft:spawner":1,"ironfurnaces:gold_furnace":1,"minecraft:fire":4,"minecraft:iron_ore":25,"minecraft:barrel":1,"minecraft:moss_carpet":7,"minecraft:deepslate_lapis_ore":5,"minecraft:cave_vines":19,"minecraft:oak_stairs":9,"minecraft:azalea":1,"botania:green_mystical_flower":2,"minecraft:deepslate_redstone_ore":2,"minecraft:blackstone":106,"minecraft:kelp_plant":1,"ironfurnaces:iron_furnace":2,"minecraft:clay":26,"ironfurnaces:copper_furnace":1,"minecraft:torch":5,"minecraft:poppy":1,"minecraft:chest":4,"farmersdelight:safety_net":6,"farmersdelight:cabbages":2,"minecraft:cobblestone":41,"botania:blue_mystical_flower":5,"minecraft:sugar_cane":21,"minecraft:oak_planks":27,"minecraft:wall_torch":9,"botania:black_mystical_flower":2,"farmersdelight:sandy_shrub":12,"delightful:cantaloupe":7,"minecraft:birch_log":134,"minecraft:lilac":9,"minecraft:jukebox":1,"minecraft:grass":60,"butchersdelight:hook":3,"minecraft:oak_log":62,"minecraft:sand":61,"minecraft:dirt":74,"minecraft:smooth_basalt":2,"minecraft:oak_leaves":7,"minecraft:deepslate":8,"minecraft:deepslate_diamond_ore":6,"minecraft:oak_door":2,"tetra:block_geode":21,"botania:red_mushroom":1,"butchersdelight:deadsheepblock":1,"minecraft:allium":5,"minecraft:decorated_pot":2,"delightful:cantaloupe_plant":2,"farmersdelight:wild_cabbages":24,"minecraft:spruce_leaves":2,"butchersdelight:deadpigblock":1,"minecraft:moss_block":30,"minecraft:large_fern":3,"farmersdelight:wild_onions":17,"botania:purple_mushroom":1,"minecraft:furnace":1,"botania:white_mushroom":2,"minecraft:stripped_spruce_log":4,"minecraft:peony":1,"minecraft:deepslate_iron_ore":36,"pineapple_delight:pineapple_wild_crop":1,"minecraft:rail":2,"butchersdelight:skullcow":1,"butchersdelight:deadllamablock":1,"minecraft:stone":52,"minecraft:white_wool":4,"farmersdelight:birch_cabinet":1,"farmersdelight:cooking_pot":2,"minecraft:flowering_azalea":8,"minecraft:lily_of_the_valley":2,"minecraft:dandelion":2,"minecraft:crafting_table":5,"botania:pink_mushroom":1,"minecraft:campfire":1,"minecraft:tall_grass":8,"minecraft:copper_ore":13,"minecraft:deepslate_gold_ore":22,"minecraft:lapis_ore":6,"delightful:wild_salmonberries":10,"butchersdelight:deadchickenblock":1,"minecraft:big_dripleaf":3,"supplementaries:urn":28,"minecraft:birch_planks":224,"ironfurnaces:diamond_furnace":3,"butchersdelight:deadcowblock":1,"tetra:basic_workbench":1,"minecraft:spruce_log":41,"minecraft:birch_leaves":7,"minecraft:coal_ore":71,"minecraft:cobweb":1,"minecraft:small_dripleaf":1,"minecraft:mossy_stone_bricks":1,"minecraft:gold_ore":7},"minecraft:dropped":{"farmersdelight:iron_knife":1,"minecraft:moss_block":11,"minecraft:birch_planks":126,"butchersdelightfoods:cooked_ham":1,"botania:pink_petal":7,"minecraft:oak_log":31,"minecraft:diamond":18,"botania:black_mystical_flower":5,"botania:cyan_petal":2,"minecraft:glow_berries":4,"artifacts:cloud_in_a_bottle":1,"minecraft:leather":1,"botania:red_mushroom":1,"travelersbackpack:iron_tier_upgrade":1,"travelersbackpack:standard":1,"minecraft:emerald":16,"minecraft:gold_block":2,"minecraft:dirt":10,"minecraft:mutton":1,"alexsmobs:flying_fish":1,"botania:light_gray_mushroom":1,"botania:light_blue_mushroom":2,"artifacts:charm_of_sinking":2,"minecraft:amethyst_shard":1,"farmersdelight:onion":10,"minecraft:wooden_sword":1,"minecraft:sand":2,"minecraft:iron_pickaxe":6,"minecraft:birch_log":55,"minecraft:white_wool":1,"minecraft:oak_door":4,"minecraft:gold_ingot":13,"minecraft:bone":40,"qualitycrops:cooked_mutton_gold":2,"minecraft:gravel":1,"botania:white_mushroom":4,"minecraft:blackstone":70,"botania:lime_double_flower":1,"minecraft:iron_nugget":42,"minecraft:birch_sapling":1,"farmersdelight:cabbage":5,"minecraft:pink_dye":1,"minecraft:rotten_flesh":7,"minecraft:oak_planks":54,"corn_delight:corn_seeds":2,"botania:black_mushroom":2,"minecraft:poppy":6,"supplementaries:flax_seeds":8,"butchersdelightfoods:cookedporkribs":1,"minecraft:gunpowder":1,"minecraft:birch_trapdoor":2,"butchersdelightfoods:cookedbeefribs":1,"minecraft:beetroot_seeds":3,"minecraft:chest":3,"botania:blue_mystical_flower":1,"tetra:modular_double":1,"butchersdelight:hook":3,"minecraft:arrow":5,"minecraft:glass":4,"minecraft:beef":1,"botania:black_lotus":1,"botania:lime_mushroom":1,"farmersdelight:tomato_seeds":10,"minecraft:enchanted_book":2,"minecraft:water_bucket":5,"minecraft:iron_ingot":28,"minecraft:stripped_spruce_log":5,"tetra:scroll_rolled":2,"minecraft:wheat_seeds":8,"minecraft:lilac":4,"butchersdelight:sheephide":4,"farmersdelight:skillet":1,"minecraft:feather":1,"botania:gray_mystical_flower":3,"minecraft:cobblestone":18,"minecraft:iron_helmet":2,"minecraft:copper_ingot":9,"qualitycrops:glow_berries_iron":2,"minecraft:spruce_door":1,"minecraft:coal":206,"minecraft:stick":6,"minecraft:wooden_axe":2,"qualitysdelight:cabbage_diamond":1,"minecraft:iron_leggings":1,"delightful:acorn":2,"minecraft:oak_stairs":9,"minecraft:flowering_azalea":2,"minecraft:iron_axe":4,"minecraft:string":3,"butchersdelight:deadpig":1,"delightful:salmonberries":2,"minecraft:dandelion":2,"minecraft:smooth_basalt":1,"butchersdelight:goat_fur":2,"botania:purple_mushroom":2,"minecraft:kelp":5,"minecraft:stone_sword":1,"minecraft:raw_copper":35,"tetra:geode":22,"butchersdelightfoods:porkribs":2,"minecraft:raw_iron":75,"farmersdelight:cabbage_seeds":1,"butchersdelightfoods:cooked_sheeploin":1,"farmersdelight:tomato_sauce":2,"minecraft:clay_ball":1,"minecraft:iron_boots":1,"ironfurnaces:iron_furnace":1,"minecraft:shears":1,"minecraft:lily_of_the_valley":6,"botania:pink_mushroom":3,"minecraft:allium":41,"delightful:nut_butter_bottle":1,"minecraft:spruce_planks":43,"minecraft:iron_chestplate":1,"minecraft:mossy_stone_bricks":4,"minecraft:oak_sapling":2,"minecraft:wooden_shovel":1,"minecraft:spruce_log":42,"minecraft:stone_pickaxe":1,"minecraft:wooden_pickaxe":1,"qualitycrops:mutton_iron":1},"minecraft:broken":{"minecraft:iron_sword":1,"minecraft:iron_axe":2},"minecraft:used":{"minecraft:moss_block":12,"minecraft:iron_shovel":228,"farmersdelight:cabbage_seeds":1,"minecraft:decorated_pot":2,"minecraft:chest":12,"butchersdelight:hook":14,"farmersdelight:cabbage":2,"minecraft:iron_sword":279,"farmersdelight:birch_cabinet":2,"minecraft:rotten_flesh":1,"butchersdelightfoods:cookedbeefribs":1,"alexsmobs:lobster_tail":1,"farmersdelight:tomato_sauce":2,"supplementaries:bomb_blue":1,"ironfurnaces:iron_furnace":2,"farmersdelight:cutting_board":1,"minecraft:furnace":2,"minecraft:cooked_cod":7,"farmersdelight:safety_net":9,"qualitycrops:cooked_mutton_iron":2,"butchersdelightfoods:coockedbeeftenderloin":3,"minecraft:spruce_door":2,"minecraft:stone_pickaxe":117,"minecraft:oak_planks":89,"minecraft:wooden_pickaxe":12,"butchersdelightfoods:cookedsheepshank":1,"minecraft:sugar_cane":17,"minecraft:white_wool":3,"butchersdelight:skullcow":4,"minecraft:sand":21,"tetra:modular_double":2,"farmersdelight:ham":3,"butchersdelightfoods:cooked_ham":3,"minecraft:wooden_sword":42,"minecraft:smithing_table":1,"minecraft:birch_log":5,"butchersdelightfoods:cooked_sheeploin":4,"ironfurnaces:gold_furnace":1,"ironfurnaces:copper_furnace":1,"botania:white_mushroom":2,"minecraft:stone_sword":53,"butchersdelightfoods:cookedporkloin":1,"minecraft:spruce_planks":39,"minecraft:cooked_chicken":1,"butchersdelightfoods:cooked_leg_cow":4,"minecraft:oak_door":4,"minecraft:torch":130,"minecraft:dirt":161,"ironfurnaces:diamond_furnace":5,"minecraft:hopper":9,"minecraft:wooden_axe":26,"butchersdelight:cleaver":5,"botania:blue_mystical_flower":2,"minecraft:iron_axe":578,"minecraft:oak_stairs":18,"minecraft:iron_boots":1,"butchersdelightfoods:cooked_llama_loin":2,"farmersdelight:cooking_pot":2,"tombstone:gift":3,"farmersdelight:tomato_seeds":1,"minecraft:cooked_beef":2,"minecraft:iron_leggings":1,"minecraft:cooked_mutton":3,"minecraft:water_bucket":6,"farmersdelight:skillet":1,"minecraft:birch_planks":376,"minecraft:baked_potato":5,"delightful:salmonberries":4,"farmersdelight:onion":22,"minecraft:crafting_table":16,"botania:red_mystical_flower":2,"corn_delight:corn_seeds":1,"minecraft:oak_log":5,"alexsmobs:flying_fish":1,"minecraft:iron_pickaxe":416,"minecraft:stone_axe":12,"minecraft:cobblestone":38,"travelersbackpack:standard":5,"minecraft:cooked_porkchop":1,"minecraft:bucket":15,"alexsmobs:animal_dictionary":7},"minecraft:picked_up":{"minecraft:wooden_axe":1,"minecraft:iron_chestplate":2,"farmersdelight:birch_cabinet":1,"butchersdelightfoods:legcow":2,"butchersdelightfoods:llamma_ribs":2,"minecraft:oak_stairs":21,"minecraft:enchanted_book":6,"botania:light_blue_mushroom":7,"butchersdelightfoods:llama_loin":2,"minecraft:string":7,"minecraft:raw_copper":123,"farmersdelight:cabbage":7,"minecraft:spruce_planks":85,"delightful:acorn":3,"minecraft:iron_pickaxe":5,"delightful:green_tea_leaf":2,"qualitycrops:sugar_cane_iron":1,"farmersdelight:cabbage_seeds":48,"minecraft:furnace":1,"botania:lexicon":1,"minecraft:stick":7,"farmersdelight:rotten_tomato":1,"minecraft:torch":87,"botania:black_mushroom":6,"minecraft:porkchop":6,"tombstone:grave_dust":7,"alexsmobs:centipede_leg":2,"botania:manasteel_ingot":2,"minecraft:rotten_flesh":27,"farmersdelight:onion":25,"butchersdelightfoods:ham":7,"minecraft:blue_dye":1,"supplementaries:ash":114,"alexsmobs:flying_fish":2,"alexsmobs:lobster_tail":1,"minecraft:cobblestone":82,"minecraft:birch_log":133,"botania:cyan_mushroom":2,"butchersdelightfoods:beeftenderloin":2,"minecraft:feather":1,"minecraft:lilac":6,"minecraft:water_bucket":3,"farmersdelight:safety_net":6,"butchersdelight:deadpig":9,"delightful:cantaloupe":9,"supplementaries:flax_seeds":20,"butchersdelightfoods:llama_leg":2,"butchersdelight:goat_fur":4,"minecraft:lapis_lazuli":218,"minecraft:dirt":310,"minecraft:bone":83,"minecraft:glass":26,"tetra:scroll_rolled":4,"butchersdelightfoods:cookedbeefribs":1,"minecraft:wheat_seeds":8,"minecraft:raw_gold":81,"minecraft:mossy_stone_bricks":4,"minecraft:moss_block":24,"ironfurnaces:iron_furnace":4,"minecraft:oak_planks":82,"botania:gray_mystical_flower":9,"botania:red_mystical_flower":2,"botania:pink_petal":14,"qualitycrops:mutton_gold":2,"tetra:modular_double":1,"butchersdelight:skullcow":5,"butchersdelight:cow_hide":6,"qualitycrops:sugar_cane_diamond":1,"butchersdelightfoods:porkloin":6,"minecraft:sand":63,"minecraft:stripped_spruce_log":9,"minecraft:grass_block":1,"minecraft:lily_of_the_valley":6,"farmersdelight:ham":6,"butchersdelightfoods:beefribs":2,"alexsmobs:animal_dictionary":1,"minecraft:bundle":2,"minecraft:sugar":1,"minecraft:diamond":38,"butchersdelight:deadllama":3,"minecraft:emerald":64,"butchersdelight:hook":6,"minecraft:oak_sapling":2,"butchersdelightfoods:sheepshank":7,"minecraft:crafting_table":7,"minecraft:allium":65,"minecraft:chicken":1,"botania:white_mushroom":8,"minecraft:clay_ball":176,"farmersdelight:tomato_sauce":2,"minecraft:gold_block":3,"minecraft:brick":42,"minecraft:iron_axe":3,"qualitycrops:mutton_iron":4,"minecraft:iron_shovel":1,"minecraft:blackstone":197,"butchersdelight:dead_cow":6,"butchersdelightfoods:sheeploin":8,"minecraft:beef":2,"minecraft:light_gray_wool":1,"ironfurnaces:diamond_furnace":2,"minecraft:birch_sapling":1,"minecraft:iron_nugget":82,"minecraft:poppy":6,"minecraft:sugar_cane":44,"minecraft:chest":9,"butchersdelightfoods:porkribs":8,"minecraft:phantom_membrane":1,"minecraft:raw_iron":173,"minecraft:oak_door":2,"artifacts:charm_of_sinking":3,"qualitycrops:sugar_cane_gold":1,"minecraft:copper_ingot":10,"botania:purple_mushroom":7,"farmersdelight:tomato_seeds":31,"botania:lime_double_flower":3,"botania:pink_mushroom":6,"tetra:pristine_amethyst":1,"botania:black_lotus":3,"corn_delight:corn_seeds":13,"minecraft:arrow":5,"butchersdelight:deadsheep":9,"minecraft:beetroot_seeds":3,"minecraft:decorated_pot":2,"ironfurnaces:gold_furnace":1,"botania:blue_mystical_flower":8,"qualitysdelight:cabbage_diamond":1,"butchersdelightfoods:sheeprack":7,"minecraft:gold_ingot":31,"minecraft:glow_berries":4,"botania:green_mystical_flower":2,"minecraft:mutton":12,"minecraft:white_wool":14,"minecraft:leather":2,"minecraft:birch_planks":298,"botania:light_gray_mushroom":3,"minecraft:oak_log":81,"qualitycrops:cooked_mutton_gold":1,"artifacts:cloud_in_a_bottle":1,"minecraft:gunpowder":2,"botania:red_mushroom":4,"tombstone:gift":1,"botania:black_mystical_flower":18,"butchersdelight:deadchiken":1,"farmersdelight:cooking_pot":2,"minecraft:kelp":5,"qualitycrops:glow_berries_iron":2,"minecraft:iron_ingot":112,"botania:cyan_petal":6,"minecraft:flowering_azalea":2,"minecraft:smooth_basalt":1,"minecraft:dandelion":2,"minecraft:gravel":1,"botania:lime_mushroom":3,"delightful:salmonberries":6,"minecraft:spruce_log":42,"farmersdelight:cabbage_leaf":2,"butchersdelight:sheephide":15,"tetra:geode":67,"minecraft:stone_axe":1,"ironfurnaces:copper_furnace":1,"minecraft:iron_helmet":1,"pineapple_delight:pineapple_crop":2,"minecraft:coal":556,"minecraft:pink_dye":3,"minecraft:hopper":6,"minecraft:ender_pearl":3},"minecraft:killed":{"alexsmobs:lobster":3,"minecraft:witch":1,"minecraft:spider":11,"minecraft:skeleton":14,"artifacts:mimic":3,"minecraft:wolf":1,"minecraft:creeper":4,"minecraft:sheep":7,"minecraft:zombie":34,"minecraft:glow_squid":1,"alexsmobs:raccoon":1,"alexsmobs:sugar_glider":1,"minecraft:phantom":3,"alexsmobs:flying_fish":2,"minecraft:wandering_trader":1,"minecraft:enderman":2}},"DataVersion":3465}