{"stats":{"minecraft:killed":{"alexsmobs:lobster":3,"minecraft:witch":1,"minecraft:spider":13,"minecraft:skeleton":15,"artifacts:mimic":3,"minecraft:wolf":1,"alexsmobs:grizzly_bear":2,"minecraft:creeper":6,"minecraft:sheep":9,"minecraft:zombie":41,"alexsmobs:fly":2,"minecraft:glow_squid":1,"alexsmobs:raccoon":1,"alexsmobs:sugar_glider":1,"minecraft:phantom":3,"alexsmobs:flying_fish":2,"minecraft:wandering_trader":1,"minecraft:enderman":3},"minecraft:used":{"minecraft:moss_block":12,"farmersdelight:onion_crate":1,"minecraft:iron_shovel":253,"farmersdelight:cabbage_seeds":8,"minecraft:chest":18,"minecraft:decorated_pot":2,"butchersdelight:hook":19,"farmersdelight:cabbage":2,"minecraft:iron_sword":279,"farmersdelight:birch_cabinet":2,"minecraft:rotten_flesh":1,"butchersdelightfoods:cookedbeefribs":4,"minecraft:allium":3,"ironchest:iron_chest":8,"alexsmobs:lobster_tail":1,"minecraft:spruce_hanging_sign":1,"supplementaries:bomb_blue":1,"pineapple_delight:pineapple":2,"farmersdelight:tomato_sauce":2,"ironfurnaces:iron_furnace":2,"farmersdelight:cutting_board":1,"minecraft:furnace":2,"minecraft:cooked_cod":7,"farmersdelight:safety_net":9,"minecraft:potato":7,"qualitycrops:cooked_mutton_iron":2,"minecraft:damaged_anvil":2,"butchersdelightfoods:coockedbeeftenderloin":4,"minecraft:spruce_door":4,"minecraft:stone_pickaxe":117,"minecraft:blackstone":14,"minecraft:wooden_pickaxe":12,"butchersdelightfoods:cookedsheepshank":6,"minecraft:oak_planks":92,"botania:orange_mystical_flower":4,"minecraft:sugar_cane":18,"butchersdelight:skullcow":8,"minecraft:white_wool":3,"minecraft:sand":21,"alexscaves:cave_book":3,"minecraft:birch_fence":14,"pineapple_delight:pineapple_crop":2,"minecraft:cyan_bed":1,"minecraft:zombie_head":1,"minecraft:iron_door":2,"farmersdelight:ham":3,"butchersdelightfoods:cooked_ham":4,"supplementaries:flax_seeds":9,"minecraft:wooden_sword":42,"butchersdelightfoods:cooked_llama_ribs":3,"minecraft:smithing_table":2,"botania:magenta_mystical_flower":4,"minecraft:birch_log":7,"butchersdelightfoods:cooked_sheeploin":4,"ironfurnaces:gold_furnace":1,"minecraft:rose_bush":1,"botania:white_mushroom":3,"ironfurnaces:copper_furnace":1,"minecraft:stone_sword":53,"butchersdelightfoods:cookedporkloin":4,"minecraft:spruce_planks":196,"botania:green_mystical_flower":7,"butchersdelightfoods:cooked_leg_cow":4,"minecraft:cooked_chicken":1,"minecraft:oak_door":4,"minecraft:torch":143,"minecraft:brewing_stand":1,"minecraft:dirt":327,"ironfurnaces:diamond_furnace":5,"minecraft:hopper":9,"minecraft:spruce_stairs":10,"supplementaries:doormat":6,"minecraft:wooden_axe":26,"butchersdelight:cleaver":5,"botania:blue_mystical_flower":2,"minecraft:oak_stairs":86,"minecraft:iron_axe":1011,"minecraft:iron_boots":1,"farmersdelight:cabbage_crate":9,"butchersdelightfoods:cooked_llama_loin":5,"alexscaves:spelunkery_table":1,"farmersdelight:cooking_pot":2,"tombstone:gift":5,"minecraft:cooked_beef":3,"farmersdelight:tomato_seeds":1,"minecraft:cobbled_deepslate":8,"minecraft:iron_leggings":1,"minecraft:cooked_mutton":3,"minecraft:water_bucket":6,"farmersdelight:skillet":1,"farmersdelight:tomato_crate":7,"minecraft:birch_planks":514,"minecraft:glass_bottle":1,"minecraft:baked_potato":5,"minecraft:spruce_sign":1,"delightful:salmonberries":4,"farmersdelight:onion":30,"minecraft:crafting_table":17,"minecraft:magenta_bed":2,"minecraft:campfire":1,"alexsmobs:flying_fish":1,"botania:red_mystical_flower":2,"minecraft:spruce_log":9,"minecraft:oak_log":10,"corn_delight:corn_seeds":2,"minecraft:wooden_hoe":50,"minecraft:diamond_pickaxe":18,"minecraft:iron_pickaxe":731,"minecraft:spruce_pressure_plate":4,"minecraft:stone_axe":12,"butchersdelightfoods:cookedsheeprack":6,"minecraft:cobblestone":103,"ironfurnaces:emerald_furnace":1,"travelersbackpack:standard":8,"minecraft:cooked_porkchop":3,"minecraft:bucket":15,"alexsmobs:animal_dictionary":8},"minecraft:dropped":{"farmersdelight:hamburger":2,"farmersdelight:iron_knife":1,"minecraft:moss_block":11,"minecraft:birch_planks":126,"botania:pink_petal":7,"butchersdelightfoods:cooked_ham":1,"minecraft:oak_log":31,"minecraft:diamond":35,"botania:black_mystical_flower":5,"botania:cyan_petal":2,"minecraft:glow_berries":4,"artifacts:cloud_in_a_bottle":1,"minecraft:leather":1,"botania:red_mushroom":1,"travelersbackpack:iron_tier_upgrade":1,"travelersbackpack:standard":1,"farmersdelight:rice":10,"minecraft:emerald":16,"minecraft:gold_block":2,"minecraft:dirt":10,"minecraft:mutton":1,"alexsmobs:flying_fish":1,"botania:light_gray_mushroom":1,"botania:light_blue_mushroom":2,"farmersdelight:onion":10,"minecraft:amethyst_shard":1,"alexscaves:cave_map":1,"artifacts:charm_of_sinking":2,"minecraft:wooden_sword":1,"minecraft:sand":2,"minecraft:iron_pickaxe":6,"delightful:cantaloupe_slice":3,"minecraft:birch_log":55,"minecraft:gold_ingot":13,"qualitycrops:cooked_mutton_gold":2,"minecraft:white_wool":1,"minecraft:blackstone":70,"minecraft:gravel":1,"minecraft:birch_sapling":1,"minecraft:bone":41,"minecraft:oak_door":4,"botania:white_mushroom":4,"botania:lime_double_flower":1,"alexscaves:cave_tablet":1,"farmersdelight:cabbage":5,"minecraft:iron_nugget":42,"minecraft:pink_dye":1,"minecraft:rotten_flesh":7,"botania:purple_mystical_flower":1,"minecraft:oak_planks":54,"corn_delight:corn_seeds":2,"botania:black_mushroom":2,"minecraft:poppy":6,"butchersdelightfoods:cookedporkribs":7,"supplementaries:flax_seeds":8,"minecraft:birch_trapdoor":2,"butchersdelightfoods:cookedbeefribs":1,"minecraft:gunpowder":1,"minecraft:beetroot_seeds":3,"minecraft:chest":3,"botania:blue_mystical_flower":1,"butchersdelight:hook":3,"minecraft:arrow":5,"minecraft:glass":4,"minecraft:beef":1,"botania:black_lotus":1,"botania:lime_mushroom":1,"farmersdelight:tomato_seeds":10,"minecraft:enchanted_book":2,"minecraft:stripped_spruce_log":5,"minecraft:iron_ingot":31,"minecraft:water_bucket":5,"minecraft:wheat_seeds":8,"minecraft:lilac":4,"butchersdelight:sheephide":4,"farmersdelight:skillet":1,"minecraft:feather":1,"botania:gray_mystical_flower":3,"minecraft:cobblestone":18,"minecraft:iron_helmet":2,"minecraft:copper_ingot":9,"qualitycrops:glow_berries_iron":2,"minecraft:spruce_door":1,"minecraft:coal":206,"minecraft:stick":11,"minecraft:torch":64,"minecraft:wooden_axe":2,"qualitysdelight:cabbage_diamond":1,"minecraft:iron_leggings":1,"delightful:acorn":2,"minecraft:oak_stairs":9,"minecraft:flowering_azalea":2,"minecraft:iron_axe":6,"minecraft:smooth_basalt":1,"minecraft:string":3,"butchersdelight:deadpig":1,"minecraft:paper":1,"delightful:salmonberries":2,"minecraft:dandelion":2,"butchersdelight:goat_fur":2,"botania:purple_mushroom":2,"minecraft:kelp":5,"qualitysdelight:onion_iron":1,"minecraft:stone_sword":1,"minecraft:raw_copper":35,"butchersdelightfoods:porkribs":2,"minecraft:raw_iron":75,"farmersdelight:cabbage_seeds":9,"butchersdelightfoods:cooked_sheeploin":1,"farmersdelight:tomato_sauce":2,"minecraft:clay_ball":1,"minecraft:iron_boots":1,"ironfurnaces:iron_furnace":1,"minecraft:lily_of_the_valley":6,"minecraft:shears":2,"botania:pink_mushroom":3,"minecraft:potato":6,"miners_delight:cave_carrot":10,"minecraft:allium":41,"delightful:nut_butter_bottle":1,"minecraft:spruce_planks":43,"minecraft:iron_chestplate":1,"minecraft:mossy_stone_bricks":4,"minecraft:oak_sapling":2,"minecraft:wooden_shovel":1,"minecraft:spruce_log":42,"botania:pink_mystical_flower":2,"minecraft:stone_pickaxe":1,"minecraft:wooden_pickaxe":1,"qualitycrops:mutton_iron":1,"pineapple_delight:pineapple":1},"minecraft:mined":{"miners_delight:wild_cave_carrots":7,"minecraft:large_amethyst_bud":1,"minecraft:spruce_planks":42,"corn_delight:wild_corn":9,"botania:red_mystical_flower":2,"farmersdelight:tomato_crate":3,"minecraft:brewing_stand":1,"minecraft:cave_vines_plant":14,"botania:light_blue_mushroom":1,"minecraft:grass_block":235,"minecraft:hopper":7,"minecraft:spawner":1,"minecraft:magma_block":4,"ironfurnaces:gold_furnace":1,"minecraft:barrel":1,"minecraft:iron_ore":37,"minecraft:fire":4,"minecraft:moss_carpet":7,"minecraft:deepslate_lapis_ore":17,"minecraft:cave_vines":19,"minecraft:oak_stairs":54,"minecraft:pink_tulip":1,"minecraft:azalea":2,"corn_delight:corn_crop":3,"farmersdelight:wild_potatoes":6,"ae2:large_quartz_bud":1,"botania:green_mystical_flower":9,"minecraft:deepslate_redstone_ore":6,"minecraft:brown_mushroom":18,"botania:orange_mystical_flower":5,"minecraft:blackstone":120,"minecraft:kelp_plant":1,"ironfurnaces:iron_furnace":2,"ironfurnaces:copper_furnace":1,"minecraft:clay":27,"minecraft:torch":50,"farmersdelight:cabbage_crate":1,"minecraft:poppy":1,"minecraft:chest":6,"farmersdelight:safety_net":6,"farmersdelight:cabbages":51,"minecraft:cobblestone":42,"botania:blue_mystical_flower":5,"minecraft:sugar_cane":39,"minecraft:cyan_bed":1,"minecraft:oak_planks":29,"minecraft:damaged_anvil":2,"minecraft:wall_torch":124,"botania:black_mystical_flower":4,"farmersdelight:sandy_shrub":12,"minecraft:wheat":7,"minecraft:birch_log":158,"delightful:cantaloupe":7,"minecraft:magenta_bed":2,"pineapple_delight:pineapple_crop":3,"minecraft:lilac":11,"minecraft:jukebox":1,"minecraft:grass":74,"ae2:quartz_block":2,"butchersdelight:hook":3,"minecraft:oak_log":102,"ae2:small_quartz_bud":5,"botania:gray_double_flower":2,"minecraft:sand":61,"minecraft:dirt":125,"minecraft:smooth_basalt":2,"minecraft:oak_leaves":12,"minecraft:deepslate":21,"alexscaves:spelunkery_table":1,"farmersdelight:onions":1,"minecraft:deepslate_diamond_ore":23,"minecraft:oak_door":2,"botania:red_mushroom":4,"butchersdelight:deadsheepblock":1,"minecraft:allium":10,"minecraft:decorated_pot":2,"delightful:cantaloupe_plant":2,"farmersdelight:wild_cabbages":24,"minecraft:spruce_leaves":7,"minecraft:moss_block":34,"butchersdelight:deadpigblock":1,"minecraft:large_fern":10,"farmersdelight:wild_onions":27,"botania:purple_mushroom":1,"botania:magenta_mystical_flower":5,"minecraft:furnace":1,"supplementaries:flax":7,"botania:white_mushroom":3,"minecraft:stripped_spruce_log":4,"ae2:mysterious_cube":1,"minecraft:peony":1,"minecraft:bookshelf":1,"minecraft:deepslate_iron_ore":60,"pineapple_delight:pineapple_wild_crop":1,"minecraft:rail":2,"ironchest:iron_chest":6,"butchersdelight:skullcow":2,"ae2:sky_stone_block":14,"butchersdelight:deadllamablock":1,"minecraft:stone":126,"minecraft:white_wool":4,"farmersdelight:birch_cabinet":1,"farmersdelight:cooking_pot":2,"minecraft:smithing_table":1,"minecraft:flowering_azalea":8,"minecraft:lily_of_the_valley":2,"minecraft:dandelion":3,"minecraft:spruce_door":2,"minecraft:crafting_table":6,"minecraft:emerald_ore":1,"minecraft:rose_bush":1,"botania:pink_mushroom":1,"minecraft:campfire":2,"farmersdelight:onion_crate":1,"minecraft:copper_ore":14,"minecraft:tall_grass":9,"minecraft:deepslate_gold_ore":27,"minecraft:lapis_ore":13,"delightful:wild_salmonberries":10,"butchersdelight:deadchickenblock":1,"minecraft:big_dripleaf":3,"supplementaries:urn":55,"botania:pink_mystical_flower":5,"minecraft:birch_planks":267,"ironfurnaces:diamond_furnace":4,"butchersdelight:deadcowblock":1,"supplementaries:doormat":4,"minecraft:spruce_log":180,"minecraft:birch_leaves":7,"minecraft:coal_ore":134,"minecraft:cobweb":1,"botania:gray_mystical_flower":5,"minecraft:small_dripleaf":1,"minecraft:mossy_stone_bricks":1,"minecraft:gold_ore":9,"minecraft:fern":32},"minecraft:custom":{"minecraft:interact_with_crafting_table":151,"minecraft:open_barrel":38,"minecraft:leave_game":13,"minecraft:time_since_death":54939,"minecraft:sprint_one_cm":1277281,"minecraft:drop":277,"minecraft:talked_to_villager":3,"minecraft:deaths":1,"minecraft:play_time":627965,"minecraft:jump":8250,"minecraft:walk_on_water_one_cm":54176,"minecraft:interact_with_furnace":183,"minecraft:interact_with_loom":9,"minecraft:sleep_in_bed":12,"minecraft:damage_dealt":24551,"minecraft:crouch_one_cm":65078,"tombstone:undead_killed":59,"tombstone:villager_killed":1,"minecraft:interact_with_smoker":1,"minecraft:interact_with_smithing_table":10,"minecraft:interact_with_anvil":2,"minecraft:mob_kills":109,"minecraft:inspect_hopper":41,"minecraft:climb_one_cm":7981,"minecraft:walk_one_cm":1819523,"minecraft:sneak_time":22990,"minecraft:walk_under_water_one_cm":33920,"minecraft:interact_with_blast_furnace":1,"minecraft:total_world_time":627965,"tombstone:raider_killed":4,"minecraft:pot_flower":1,"minecraft:time_since_rest":13200,"minecraft:damage_taken":4344,"minecraft:swim_one_cm":54364,"minecraft:fly_one_cm":1395004,"minecraft:open_chest":428,"minecraft:fall_one_cm":212008},"minecraft:crafted":{"delightful:cantaloupe_slice":3,"minecraft:oak_planks":308,"minecraft:cooked_chicken":1,"minecraft:birch_slab":6,"ironfurnaces:iron_furnace":1,"butchersdelightfoods:cooked_ham":1,"minecraft:diamond_shovel":1,"ironfurnaces:diamond_furnace":1,"butchersdelightfoods:cooked_leg_cow":1,"minecraft:spruce_pressure_plate":4,"farmersdelight:safety_net":3,"minecraft:glass":9,"minecraft:hopper":2,"minecraft:iron_boots":2,"butchersdelightfoods:cookedporkribs":1,"minecraft:chest":17,"minecraft:iron_door":6,"minecraft:glass_bottle":3,"farmersdelight:tomato_seeds":1,"minecraft:wooden_shovel":1,"minecraft:cooked_porkchop":1,"minecraft:crafting_table":10,"farmersdelight:cabbage_crate":8,"minecraft:spruce_planks":288,"farmersdelight:iron_knife":1,"minecraft:iron_helmet":2,"minecraft:wooden_pickaxe":1,"minecraft:baked_potato":5,"travelersbackpack:standard":3,"minecraft:spruce_door":6,"minecraft:smithing_table":1,"minecraft:copper_ingot":9,"minecraft:gold_block":1,"butchersdelight:cleaver":1,"minecraft:birch_planks":380,"minecraft:campfire":1,"farmersdelight:skillet":1,"farmersdelight:cutting_board":1,"minecraft:diamond_pickaxe":1,"minecraft:iron_chestplate":2,"minecraft:wooden_hoe":1,"minecraft:paper":12,"minecraft:birch_fence":15,"minecraft:stick":92,"minecraft:iron_ingot":81,"minecraft:iron_pickaxe":5,"minecraft:stone_sword":1,"minecraft:gold_ingot":1,"minecraft:shears":2,"minecraft:wooden_sword":1,"minecraft:oak_door":6,"ironfurnaces:gold_furnace":1,"minecraft:iron_nugget":81,"supplementaries:doormat":2,"minecraft:furnace":2,"minecraft:bone_meal":6,"butchersdelightfoods:cookedsheepshank":1,"alexscaves:cave_map":1,"butchersdelightfoods:cookedbeefribs":1,"ironfurnaces:emerald_furnace":1,"minecraft:spruce_stairs":12,"travelersbackpack:white_sleeping_bag":2,"farmersdelight:tomato_crate":4,"farmersdelight:birch_cabinet":1,"minecraft:iron_axe":6,"minecraft:stone_pickaxe":1,"minecraft:cooked_cod":7,"farmersdelight:hamburger":1,"butchersdelight:hook":14,"farmersdelight:onion_crate":1,"travelersbackpack:backpack_tank":4,"minecraft:iron_sword":1,"minecraft:bowl":12,"minecraft:bucket":1,"minecraft:stone_axe":1,"butchersdelightfoods:coockedbeeftenderloin":1,"minecraft:bread":1,"minecraft:air":0,"ironfurnaces:copper_furnace":1,"minecraft:white_wool":1,"minecraft:raw_gold":54,"minecraft:oak_stairs":36,"minecraft:wooden_axe":1,"minecraft:birch_trapdoor":4,"minecraft:iron_shovel":1,"minecraft:iron_leggings":2,"minecraft:torch":64,"butchersdelightfoods:cookedporkloin":1,"ironchest:iron_chest":2},"minecraft:broken":{"minecraft:iron_shovel":1,"minecraft:iron_sword":1,"minecraft:iron_axe":4,"minecraft:iron_pickaxe":2,"minecraft:iron_helmet":1},"minecraft:picked_up":{"minecraft:wooden_axe":1,"minecraft:iron_chestplate":2,"qualitycrops:wheat_gold":1,"minecraft:wheat":7,"farmersdelight:birch_cabinet":1,"butchersdelightfoods:legcow":5,"butchersdelightfoods:llamma_ribs":5,"minecraft:smithing_table":1,"alexscaves:cave_tablet":1,"minecraft:oak_stairs":71,"minecraft:enchanted_book":6,"minecraft:brewing_stand":1,"botania:light_blue_mushroom":7,"butchersdelightfoods:llama_loin":5,"minecraft:string":8,"minecraft:raw_copper":126,"minecraft:zombie_head":1,"minecraft:cobbled_deepslate":13,"farmersdelight:cabbage":38,"delightful:acorn":4,"minecraft:spruce_planks":107,"minecraft:rose_bush":1,"minecraft:azalea":1,"minecraft:iron_pickaxe":5,"delightful:green_tea_leaf":4,"farmersdelight:cabbage_seeds":120,"qualitycrops:sugar_cane_iron":4,"minecraft:iron_boots":1,"minecraft:furnace":1,"minecraft:stick":19,"botania:lexicon":1,"farmersdelight:rotten_tomato":1,"minecraft:torch":248,"botania:black_mushroom":6,"minecraft:porkchop":6,"tombstone:grave_dust":7,"supplementaries:flax":7,"alexsmobs:centipede_leg":2,"ae2:sky_stone_block":17,"botania:manasteel_ingot":2,"farmersdelight:tomato_crate":3,"qualitysdelight:onion_iron":1,"minecraft:rotten_flesh":34,"farmersdelight:onion":34,"butchersdelightfoods:ham":7,"minecraft:blue_dye":1,"farmersdelight:onion_crate":1,"supplementaries:ash":162,"qualitysdelight:cabbage_gold":1,"alexsmobs:lobster_tail":1,"alexsmobs:flying_fish":2,"minecraft:cobblestone":155,"minecraft:birch_log":157,"botania:cyan_mushroom":2,"butchersdelightfoods:beeftenderloin":5,"minecraft:magma_block":3,"minecraft:feather":3,"minecraft:lilac":8,"corn_delight:corn":2,"farmersdelight:rice":10,"minecraft:water_bucket":3,"farmersdelight:safety_net":6,"minecraft:potato":6,"alexsmobs:bear_fur":3,"butchersdelight:deadpig":11,"delightful:cantaloupe":9,"minecraft:magenta_bed":2,"supplementaries:flax_seeds":39,"butchersdelight:goat_fur":7,"minecraft:dirt":435,"butchersdelightfoods:cookedporkloin":3,"butchersdelightfoods:llama_leg":5,"minecraft:lapis_lazuli":331,"farmersdelight:tomato":24,"supplementaries:doormat":4,"minecraft:glass":26,"minecraft:bone":106,"butchersdelightfoods:cookedbeefribs":1,"butchersdelightfoods:cookedsheeprack":6,"botania:pink_mystical_flower":4,"minecraft:wheat_seeds":33,"minecraft:raw_gold":88,"botania:purple_mystical_flower":1,"ae2:logic_processor_press":1,"minecraft:mossy_stone_bricks":4,"botania:gray_mystical_flower":14,"minecraft:moss_block":24,"minecraft:oak_planks":86,"ironfurnaces:iron_furnace":4,"butchersdelightfoods:cooked_llama_leg":1,"botania:red_mystical_flower":2,"miners_delight:gossypium":7,"botania:gray_double_flower":2,"minecraft:cooked_porkchop":2,"qualitycrops:mutton_gold":2,"botania:pink_petal":14,"qualitysdelight:cabbage_iron":4,"butchersdelight:skullcow":9,"butchersdelight:cow_hide":6,"qualitycrops:sugar_cane_diamond":3,"butchersdelightfoods:porkloin":6,"minecraft:sand":63,"minecraft:stripped_spruce_log":9,"minecraft:grass_block":1,"minecraft:lily_of_the_valley":6,"minecraft:cyan_bed":1,"farmersdelight:ham":6,"butchersdelightfoods:beefribs":5,"ae2:quartz_block":2,"alexsmobs:animal_dictionary":1,"minecraft:bundle":2,"minecraft:sugar":1,"minecraft:diamond":55,"qualitycrops:apple_diamond":1,"butchersdelight:deadllama":6,"minecraft:emerald":107,"minecraft:oak_sapling":18,"alexsmobs:maggot":3,"butchersdelight:hook":6,"butchersdelightfoods:sheepshank":7,"minecraft:charcoal":2,"minecraft:crafting_table":8,"minecraft:allium":88,"minecraft:chicken":2,"botania:white_mushroom":9,"minecraft:clay_ball":176,"minecraft:brown_mushroom":15,"minecraft:gold_block":3,"farmersdelight:tomato_sauce":2,"ae2:silicon_press":1,"minecraft:brick":42,"minecraft:iron_axe":5,"miners_delight:cave_carrot":10,"qualitycrops:mutton_iron":5,"minecraft:blackstone":211,"minecraft:iron_shovel":1,"botania:magenta_mystical_flower":5,"butchersdelightfoods:cookedporkribs":1,"butchersdelight:dead_cow":10,"butchersdelightfoods:sheeploin":8,"minecraft:beef":5,"ironfurnaces:diamond_furnace":2,"minecraft:iron_nugget":106,"minecraft:birch_sapling":1,"minecraft:poppy":6,"minecraft:light_gray_wool":1,"minecraft:sugar_cane":73,"minecraft:chest":11,"butchersdelightfoods:porkribs":8,"minecraft:phantom_membrane":1,"minecraft:egg":1,"minecraft:raw_iron":208,"qualitycrops:sugar_cane_gold":6,"minecraft:oak_door":2,"farmersdelight:minced_beef":2,"artifacts:charm_of_sinking":3,"farmersdelight:cabbage_crate":1,"minecraft:copper_ingot":10,"botania:purple_mushroom":7,"ironchest:iron_chest":6,"butchersdelightfoods:cooked_llama_ribs":2,"farmersdelight:tomato_seeds":31,"botania:lime_double_flower":3,"botania:pink_mushroom":6,"minecraft:redstone":19,"botania:black_lotus":3,"corn_delight:corn_seeds":17,"minecraft:arrow":6,"butchersdelight:deadsheep":11,"minecraft:decorated_pot":2,"minecraft:beetroot_seeds":3,"ae2:certus_quartz_dust":6,"ironfurnaces:gold_furnace":1,"minecraft:shears":1,"farmersdelight:hamburger":1,"botania:blue_mystical_flower":8,"alexscaves:spelunkery_table":1,"minecraft:gold_ingot":31,"butchersdelightfoods:sheeprack":7,"ae2:calculation_processor_press":1,"miners_delight:bat_wing":2,"botania:green_mystical_flower":9,"minecraft:glow_berries":5,"minecraft:mutton":15,"qualitysdelight:cabbage_diamond":1,"minecraft:white_wool":16,"minecraft:leather":5,"minecraft:birch_planks":346,"botania:light_gray_mushroom":3,"minecraft:oak_log":122,"qualitycrops:cooked_mutton_gold":1,"minecraft:gunpowder":3,"artifacts:cloud_in_a_bottle":1,"botania:red_mushroom":7,"minecraft:paper":1,"tombstone:gift":1,"botania:black_mystical_flower":20,"butchersdelight:deadchiken":9,"qualitycrops:apple_iron":1,"minecraft:kelp":5,"farmersdelight:cooking_pot":2,"qualitycrops:glow_berries_iron":2,"minecraft:iron_ingot":112,"pineapple_delight:pineapple":3,"botania:cyan_petal":6,"minecraft:flowering_azalea":2,"minecraft:book":3,"minecraft:smooth_basalt":1,"minecraft:dandelion":3,"minecraft:gravel":1,"minecraft:amethyst_shard":2,"minecraft:spruce_sapling":1,"botania:lime_mushroom":3,"delightful:salmonberries":6,"minecraft:spruce_log":180,"minecraft:spruce_door":2,"farmersdelight:cabbage_leaf":2,"minecraft:spider_eye":1,"butchersdelight:sheephide":15,"minecraft:stone_axe":1,"ironfurnaces:copper_furnace":1,"botania:orange_mystical_flower":4,"minecraft:iron_helmet":1,"ae2:engineering_processor_press":1,"alexscaves:cave_map":1,"minecraft:damaged_anvil":2,"pineapple_delight:pineapple_crop":9,"minecraft:coal":619,"minecraft:hopper":6,"minecraft:pink_dye":3,"minecraft:ender_pearl":4}},"DataVersion":3465}