{"stats":{"minecraft:dropped":{"alexsmobs:animal_dictionary":2},"minecraft:picked_up":{"alexsmobs:animal_dictionary":2},"minecraft:used":{"alexsmobs:animal_dictionary":2},"minecraft:custom":{"minecraft:jump":7,"minecraft:time_since_rest":1753,"minecraft:leave_game":2,"minecraft:sprint_one_cm":345,"minecraft:play_time":1753,"minecraft:damage_taken":20,"minecraft:time_since_death":1753,"minecraft:walk_one_cm":236,"minecraft:total_world_time":1753,"minecraft:drop":2,"minecraft:fall_one_cm":1109,"minecraft:fly_one_cm":1587},"minecraft:mined":{"minecraft:birch_leaves":2}},"DataVersion":3465}