{"stats":{"minecraft:killed":{"alexsmobs:lobster":3,"minecraft:spider":2,"alexsmobs:sugar_glider":1,"minecraft:skeleton":3,"artifacts:mimic":1,"minecraft:zombie":5,"minecraft:glow_squid":1},"minecraft:custom":{"minecraft:mob_kills":16,"minecraft:interact_with_crafting_table":24,"minecraft:open_barrel":3,"minecraft:leave_game":1,"minecraft:time_since_death":56422,"minecraft:climb_one_cm":1464,"minecraft:sprint_one_cm":58941,"minecraft:walk_one_cm":217101,"minecraft:drop":49,"minecraft:play_time":56422,"minecraft:sneak_time":1705,"minecraft:walk_under_water_one_cm":4452,"minecraft:jump":749,"minecraft:walk_on_water_one_cm":9044,"minecraft:total_world_time":56422,"minecraft:interact_with_furnace":41,"minecraft:sleep_in_bed":1,"minecraft:time_since_rest":12026,"minecraft:damage_taken":470,"minecraft:damage_dealt":2791,"minecraft:swim_one_cm":296,"minecraft:fly_one_cm":66043,"minecraft:crouch_one_cm":6062,"tombstone:undead_killed":8,"minecraft:fall_one_cm":12082},"minecraft:used":{"minecraft:stone_sword":53,"butchersdelightfoods:cookedporkloin":1,"minecraft:decorated_pot":2,"farmersdelight:cabbage":2,"butchersdelight:hook":4,"butchersdelightfoods:cookedbeefribs":1,"minecraft:torch":5,"minecraft:dirt":7,"minecraft:wooden_axe":26,"alexsmobs:lobster_tail":1,"botania:blue_mystical_flower":2,"minecraft:furnace":1,"minecraft:stone_pickaxe":107,"minecraft:wooden_pickaxe":12,"delightful:salmonberries":4,"farmersdelight:onion":14,"minecraft:sand":21,"minecraft:crafting_table":5,"minecraft:stone_axe":8,"minecraft:wooden_sword":42,"minecraft:cobblestone":8,"alexsmobs:animal_dictionary":2},"minecraft:picked_up":{"minecraft:wooden_axe":1,"minecraft:iron_chestplate":2,"minecraft:crafting_table":3,"minecraft:allium":19,"butchersdelightfoods:legcow":1,"minecraft:chicken":1,"botania:white_mushroom":1,"minecraft:clay_ball":20,"minecraft:raw_copper":15,"butchersdelight:dead_cow":3,"farmersdelight:cabbage":4,"minecraft:beef":1,"minecraft:iron_nugget":2,"minecraft:iron_pickaxe":1,"butchersdelightfoods:porkribs":2,"farmersdelight:cabbage_seeds":23,"minecraft:raw_iron":24,"minecraft:torch":10,"minecraft:porkchop":1,"botania:pink_mushroom":1,"corn_delight:corn_seeds":2,"minecraft:arrow":3,"minecraft:rotten_flesh":4,"minecraft:decorated_pot":2,"minecraft:beetroot_seeds":3,"farmersdelight:onion":8,"butchersdelightfoods:ham":1,"botania:blue_mystical_flower":5,"supplementaries:ash":11,"minecraft:glow_berries":4,"alexsmobs:lobster_tail":1,"minecraft:cobblestone":31,"minecraft:birch_log":40,"butchersdelightfoods:beeftenderloin":1,"minecraft:feather":1,"minecraft:lilac":3,"butchersdelight:deadpig":1,"artifacts:cloud_in_a_bottle":1,"minecraft:lapis_lazuli":25,"minecraft:dirt":25,"botania:black_mystical_flower":3,"butchersdelight:deadchiken":1,"minecraft:bone":12,"butchersdelightfoods:cookedbeefribs":1,"minecraft:wheat_seeds":4,"qualitycrops:glow_berries_iron":2,"minecraft:moss_block":3,"minecraft:flowering_azalea":1,"minecraft:dandelion":1,"butchersdelight:skullcow":1,"minecraft:gravel":1,"butchersdelight:cow_hide":1,"butchersdelightfoods:porkloin":1,"minecraft:sand":21,"delightful:salmonberries":6,"minecraft:lily_of_the_valley":6,"farmersdelight:ham":1,"butchersdelightfoods:beefribs":1,"minecraft:emerald":3,"butchersdelight:hook":4,"minecraft:coal":45},"minecraft:mined":{"corn_delight:wild_corn":2,"minecraft:cave_vines_plant":7,"minecraft:grass_block":1,"minecraft:decorated_pot":2,"farmersdelight:wild_cabbages":24,"minecraft:moss_block":5,"farmersdelight:wild_onions":10,"minecraft:iron_ore":18,"botania:white_mushroom":1,"minecraft:moss_carpet":1,"minecraft:cave_vines":8,"minecraft:deepslate_iron_ore":2,"minecraft:stone":38,"minecraft:lily_of_the_valley":2,"minecraft:dandelion":1,"minecraft:clay":4,"minecraft:crafting_table":2,"botania:pink_mushroom":1,"minecraft:tall_grass":1,"minecraft:copper_ore":4,"botania:blue_mystical_flower":5,"minecraft:lapis_ore":4,"delightful:wild_salmonberries":10,"butchersdelight:deadchickenblock":1,"botania:black_mystical_flower":2,"supplementaries:urn":8,"farmersdelight:sandy_shrub":12,"butchersdelight:deadcowblock":1,"minecraft:birch_log":40,"minecraft:lilac":5,"minecraft:birch_leaves":1,"minecraft:grass":15,"butchersdelight:hook":3,"minecraft:coal_ore":28,"minecraft:dirt":4,"minecraft:sand":22},"minecraft:crafted":{"minecraft:wooden_sword":1,"minecraft:iron_nugget":18,"minecraft:cooked_chicken":1,"minecraft:furnace":1,"butchersdelightfoods:cooked_ham":1,"butchersdelightfoods:cooked_leg_cow":1,"butchersdelightfoods:cookedbeefribs":1,"butchersdelightfoods:cookedporkribs":1,"minecraft:stone_pickaxe":1,"minecraft:cooked_porkchop":1,"butchersdelight:hook":3,"minecraft:crafting_table":2,"minecraft:wooden_pickaxe":1,"butchersdelight:cleaver":1,"minecraft:birch_planks":40,"minecraft:stone_axe":1,"butchersdelightfoods:coockedbeeftenderloin":1,"minecraft:air":0,"minecraft:iron_chestplate":2,"minecraft:stick":20,"minecraft:iron_ingot":55,"minecraft:iron_pickaxe":2,"minecraft:wooden_axe":1,"minecraft:stone_sword":1,"minecraft:torch":16,"butchersdelightfoods:cookedporkloin":1},"minecraft:dropped":{"minecraft:moss_block":2,"minecraft:wheat_seeds":4,"butchersdelightfoods:cooked_ham":1,"minecraft:lilac":1,"minecraft:feather":1,"minecraft:cobblestone":7,"minecraft:glow_berries":4,"artifacts:cloud_in_a_bottle":1,"qualitycrops:glow_berries_iron":1,"minecraft:coal":34,"minecraft:stick":1,"minecraft:wooden_axe":2,"minecraft:wooden_sword":1,"minecraft:flowering_azalea":1,"minecraft:iron_pickaxe":2,"delightful:salmonberries":2,"minecraft:dandelion":1,"minecraft:bone":1,"minecraft:gravel":1,"minecraft:iron_nugget":4,"butchersdelightfoods:porkribs":1,"farmersdelight:cabbage":2,"corn_delight:corn_seeds":2,"minecraft:lily_of_the_valley":6,"butchersdelightfoods:cookedporkribs":1,"minecraft:allium":19,"butchersdelightfoods:cookedbeefribs":1,"minecraft:iron_chestplate":1,"botania:blue_mystical_flower":1,"minecraft:arrow":3,"minecraft:wooden_pickaxe":1}},"DataVersion":3465}