{"stats":{"minecraft:killed":{"alexsmobs:lobster":3,"minecraft:cod":3,"minecraft:skeleton":15,"minecraft:zombie":66,"minecraft:glow_squid":1,"alexsmobs:raccoon":1,"minecraft:wandering_trader":1,"minecraft:enderman":4,"minecraft:witch":1,"minecraft:spider":15,"artifacts:mimic":3,"minecraft:wolf":1,"alexsmobs:grizzly_bear":2,"minecraft:creeper":6,"minecraft:sheep":9,"alexsmobs:fly":2,"alexsmobs:sugar_glider":1,"minecraft:phantom":3,"alexsmobs:flying_fish":3,"alexsmobs:crow":1},"minecraft:used":{"minecraft:moss_block":12,"farmersdelight:onion_crate":1,"farmersdelight:cabbage_seeds":8,"minecraft:chest":21,"farmersdelight:cabbage":2,"minecraft:rotten_flesh":4,"minecraft:allium":3,"ironchest:iron_chest":8,"supplementaries:bomb_blue":1,"ironfurnaces:iron_furnace":2,"minecraft:furnace":3,"minecraft:cooked_cod":7,"minecraft:potato":7,"minecraft:damaged_anvil":2,"qualitycrops:cooked_mutton_iron":3,"butchersdelightfoods:coockedbeeftenderloin":4,"minecraft:spruce_door":4,"minecraft:blackstone":14,"minecraft:wooden_pickaxe":12,"butchersdelight:skullcow":8,"minecraft:sand":25,"minecraft:birch_fence":14,"pineapple_delight:pineapple_crop":2,"minecraft:zombie_head":1,"supplementaries:flax_seeds":9,"minecraft:wooden_sword":42,"butchersdelightfoods:cooked_llama_ribs":5,"minecraft:smithing_table":2,"minecraft:birch_log":7,"ironfurnaces:copper_furnace":1,"ironfurnaces:gold_furnace":1,"botania:white_mushroom":3,"minecraft:stone_sword":53,"butchersdelightfoods:cookedporkloin":4,"minecraft:torch":146,"minecraft:brewing_stand":1,"ironfurnaces:diamond_furnace":5,"supplementaries:doormat":6,"butchersdelight:cleaver":5,"botania:blue_mystical_flower":2,"minecraft:iron_axe":1101,"farmersdelight:cabbage_crate":9,"butchersdelightfoods:cooked_llama_loin":5,"farmersdelight:cooking_pot":2,"tombstone:gift":5,"minecraft:cobbled_deepslate":8,"farmersdelight:tomato_seeds":1,"minecraft:water_bucket":6,"farmersdelight:tomato_crate":7,"minecraft:birch_planks":514,"delightful:salmonberries":6,"minecraft:crafting_table":19,"minecraft:campfire":1,"minecraft:spruce_log":9,"minecraft:oak_log":10,"alexsmobs:flying_fish":1,"minecraft:diamond_pickaxe":41,"minecraft:iron_pickaxe":731,"minecraft:spruce_pressure_plate":4,"minecraft:cobblestone":103,"travelersbackpack:standard":11,"minecraft:cooked_porkchop":3,"minecraft:iron_shovel":253,"minecraft:decorated_pot":2,"farmersdelight:stove":1,"minecraft:iron_sword":279,"butchersdelight:hook":19,"farmersdelight:birch_cabinet":3,"butchersdelightfoods:cookedbeefribs":5,"alexsmobs:lobster_tail":1,"pineapple_delight:pineapple":2,"minecraft:spruce_hanging_sign":1,"farmersdelight:tomato_sauce":2,"farmersdelight:cutting_board":1,"farmersdelight:safety_net":9,"miners_delight:copper_pot":2,"qualitycrops:cooked_cod_iron":1,"minecraft:stone_pickaxe":117,"minecraft:oak_planks":92,"botania:orange_mystical_flower":4,"butchersdelightfoods:cookedsheepshank":6,"minecraft:sugar_cane":18,"minecraft:white_wool":3,"alexscaves:cave_book":3,"minecraft:cyan_bed":1,"minecraft:iron_door":2,"farmersdelight:ham":3,"butchersdelightfoods:cooked_ham":4,"botania:magenta_mystical_flower":4,"butchersdelightfoods:cooked_sheeploin":4,"minecraft:rose_bush":1,"minecraft:spruce_planks":196,"botania:green_mystical_flower":7,"minecraft:cooked_chicken":1,"butchersdelightfoods:cooked_leg_cow":4,"minecraft:oak_door":4,"minecraft:dirt":331,"minecraft:hopper":9,"minecraft:spruce_stairs":10,"minecraft:wooden_axe":26,"minecraft:oak_stairs":86,"minecraft:iron_boots":1,"alexscaves:spelunkery_table":1,"butchersdelightfoods:cooked_llama_leg":1,"minecraft:cooked_beef":3,"minecraft:iron_leggings":1,"minecraft:cooked_mutton":4,"farmersdelight:skillet":1,"minecraft:glass_bottle":1,"minecraft:baked_potato":5,"minecraft:spruce_sign":3,"farmersdelight:onion":30,"minecraft:magenta_bed":2,"botania:red_mystical_flower":2,"corn_delight:corn_seeds":2,"minecraft:wooden_hoe":50,"minecraft:stone_axe":16,"butchersdelightfoods:cookedsheeprack":6,"ironfurnaces:emerald_furnace":1,"minecraft:bucket":15,"alexsmobs:animal_dictionary":8},"minecraft:dropped":{"farmersdelight:hamburger":2,"farmersdelight:iron_knife":1,"botania:pink_petal":7,"minecraft:diamond":35,"minecraft:glow_berries":4,"artifacts:cloud_in_a_bottle":1,"travelersbackpack:iron_tier_upgrade":1,"minecraft:emerald":16,"minecraft:gold_block":2,"minecraft:dirt":10,"alexsmobs:flying_fish":7,"botania:light_gray_mushroom":1,"botania:light_blue_mushroom":2,"artifacts:charm_of_sinking":2,"minecraft:wooden_sword":1,"minecraft:sand":2,"minecraft:iron_pickaxe":6,"minecraft:white_wool":1,"minecraft:bone":41,"minecraft:oak_door":4,"botania:white_mushroom":4,"botania:lime_double_flower":1,"minecraft:iron_nugget":42,"alexscaves:cave_tablet":1,"minecraft:pink_dye":1,"minecraft:birch_sapling":1,"farmersdelight:cabbage":5,"minecraft:rotten_flesh":8,"minecraft:oak_planks":54,"corn_delight:corn_seeds":2,"botania:black_mushroom":2,"supplementaries:flax_seeds":8,"butchersdelightfoods:cookedporkribs":7,"butchersdelightfoods:cookedbeefribs":1,"butchersdelight:hook":3,"minecraft:glass":4,"minecraft:beef":2,"botania:black_lotus":1,"botania:lime_mushroom":1,"farmersdelight:tomato_seeds":10,"minecraft:enchanted_book":2,"minecraft:iron_ingot":31,"minecraft:wheat_seeds":8,"butchersdelight:sheephide":4,"farmersdelight:skillet":1,"minecraft:iron_helmet":2,"minecraft:feather":1,"minecraft:cobblestone":18,"botania:gray_mystical_flower":3,"qualitycrops:glow_berries_iron":2,"minecraft:spruce_door":1,"minecraft:coal":206,"minecraft:wooden_axe":2,"delightful:acorn":2,"minecraft:oak_stairs":9,"minecraft:paper":1,"minecraft:string":3,"butchersdelight:deadpig":1,"delightful:salmonberries":2,"butchersdelight:goat_fur":2,"qualitysdelight:onion_iron":1,"minecraft:stone_sword":1,"butchersdelightfoods:porkribs":2,"butchersdelightfoods:cooked_sheeploin":1,"minecraft:clay_ball":1,"minecraft:iron_boots":1,"ironfurnaces:iron_furnace":1,"minecraft:shears":2,"minecraft:lily_of_the_valley":6,"minecraft:potato":6,"miners_delight:cave_carrot":10,"minecraft:allium":41,"delightful:nut_butter_bottle":1,"minecraft:bundle":2,"minecraft:spruce_planks":43,"minecraft:wooden_shovel":1,"alexsmobs:shark_tooth":1,"qualitycrops:mutton_iron":1,"pineapple_delight:pineapple":1,"minecraft:moss_block":11,"minecraft:birch_planks":126,"butchersdelightfoods:cooked_ham":1,"minecraft:oak_log":31,"botania:black_mystical_flower":5,"botania:cyan_petal":2,"qualitycrops:cooked_cod_iron":1,"minecraft:leather":1,"botania:red_mushroom":1,"travelersbackpack:standard":1,"farmersdelight:rice":10,"minecraft:cod":3,"minecraft:mutton":1,"farmersdelight:onion":10,"alexscaves:cave_map":1,"minecraft:amethyst_shard":1,"minecraft:birch_log":55,"minecraft:gold_ingot":13,"minecraft:gravel":1,"qualitycrops:cooked_mutton_gold":2,"delightful:cantaloupe_slice":3,"minecraft:blackstone":70,"botania:purple_mystical_flower":1,"minecraft:poppy":6,"minecraft:gunpowder":1,"minecraft:birch_trapdoor":2,"minecraft:beetroot_seeds":3,"minecraft:chest":3,"botania:blue_mystical_flower":1,"minecraft:arrow":5,"minecraft:water_bucket":6,"minecraft:stripped_spruce_log":5,"minecraft:lilac":4,"minecraft:copper_ingot":9,"minecraft:stick":11,"minecraft:torch":64,"qualitysdelight:cabbage_diamond":1,"minecraft:iron_leggings":1,"minecraft:flowering_azalea":2,"minecraft:iron_axe":6,"minecraft:dandelion":2,"minecraft:smooth_basalt":1,"botania:purple_mushroom":2,"minecraft:kelp":5,"minecraft:raw_copper":35,"minecraft:raw_iron":75,"farmersdelight:cabbage_seeds":9,"farmersdelight:tomato_sauce":2,"botania:pink_mushroom":3,"minecraft:iron_chestplate":1,"minecraft:mossy_stone_bricks":4,"minecraft:oak_sapling":2,"minecraft:spruce_log":42,"botania:pink_mystical_flower":2,"minecraft:stone_pickaxe":1,"minecraft:wooden_pickaxe":1},"minecraft:mined":{"botania:red_mystical_flower":2,"botania:light_blue_mushroom":1,"minecraft:hopper":7,"minecraft:spawner":1,"minecraft:magma_block":4,"minecraft:fire":4,"minecraft:barrel":1,"minecraft:moss_carpet":7,"minecraft:deepslate_lapis_ore":17,"minecraft:cave_vines":19,"minecraft:oak_stairs":54,"minecraft:pink_tulip":1,"ae2:large_quartz_bud":1,"farmersdelight:wild_potatoes":6,"botania:green_mystical_flower":9,"minecraft:brown_mushroom":18,"minecraft:kelp_plant":3,"ironfurnaces:iron_furnace":2,"minecraft:torch":52,"ironfurnaces:copper_furnace":1,"farmersdelight:cabbage_crate":1,"minecraft:spruce_wall_sign":1,"farmersdelight:cabbages":51,"minecraft:cyan_bed":1,"minecraft:sugar_cane":39,"minecraft:damaged_anvil":2,"botania:black_mystical_flower":4,"minecraft:wheat":7,"pineapple_delight:pineapple_crop":3,"minecraft:magenta_bed":2,"minecraft:lilac":12,"minecraft:jukebox":1,"minecraft:stone_brick_stairs":1,"minecraft:grass":82,"butchersdelight:hook":3,"ae2:small_quartz_bud":5,"minecraft:smooth_basalt":2,"minecraft:deepslate":21,"minecraft:suspicious_gravel":1,"farmersdelight:wild_carrots":1,"botania:red_mushroom":4,"butchersdelight:deadsheepblock":1,"minecraft:allium":10,"delightful:cantaloupe_plant":2,"farmersdelight:wild_cabbages":24,"butchersdelight:deadpigblock":1,"minecraft:moss_block":34,"minecraft:kelp":2,"farmersdelight:wild_onions":27,"botania:magenta_mystical_flower":5,"supplementaries:flax":7,"pineapple_delight:pineapple_wild_crop":1,"minecraft:rail":2,"ironchest:iron_chest":6,"butchersdelight:skullcow":2,"ae2:sky_stone_block":14,"minecraft:white_wool":4,"farmersdelight:birch_cabinet":1,"minecraft:smithing_table":1,"botania:lime_mystical_flower":4,"minecraft:lily_of_the_valley":2,"minecraft:dandelion":3,"minecraft:emerald_ore":1,"botania:pink_mushroom":1,"minecraft:campfire":2,"minecraft:tall_grass":9,"minecraft:copper_ore":14,"minecraft:deepslate_gold_ore":27,"minecraft:big_dripleaf":3,"supplementaries:doormat":4,"minecraft:spruce_log":180,"minecraft:birch_leaves":7,"botania:gray_mystical_flower":5,"minecraft:cobweb":1,"minecraft:gold_ore":9,"minecraft:fern":33,"miners_delight:wild_cave_carrots":7,"minecraft:large_amethyst_bud":1,"minecraft:spruce_planks":42,"corn_delight:wild_corn":9,"farmersdelight:tomato_crate":3,"minecraft:brewing_stand":1,"minecraft:cave_vines_plant":14,"minecraft:grass_block":235,"ironfurnaces:gold_furnace":1,"minecraft:iron_ore":37,"minecraft:azalea":2,"corn_delight:corn_crop":3,"minecraft:deepslate_redstone_ore":6,"botania:orange_mystical_flower":5,"minecraft:blackstone":120,"minecraft:clay":27,"minecraft:poppy":1,"minecraft:chest":9,"farmersdelight:safety_net":6,"minecraft:cobblestone":45,"botania:blue_mystical_flower":5,"minecraft:oak_planks":29,"minecraft:wall_torch":126,"farmersdelight:sandy_shrub":12,"delightful:cantaloupe":7,"minecraft:birch_log":158,"ae2:quartz_block":2,"minecraft:oak_log":102,"botania:gray_double_flower":2,"minecraft:sand":65,"minecraft:dirt":128,"minecraft:oak_leaves":12,"alexscaves:spelunkery_table":1,"farmersdelight:onions":1,"minecraft:deepslate_diamond_ore":23,"minecraft:oak_door":2,"minecraft:decorated_pot":3,"minecraft:spruce_leaves":7,"minecraft:large_fern":15,"botania:purple_mushroom":1,"minecraft:furnace":2,"botania:white_mushroom":3,"minecraft:stripped_spruce_log":4,"ae2:mysterious_cube":1,"minecraft:peony":1,"minecraft:bookshelf":1,"minecraft:deepslate_iron_ore":60,"butchersdelight:deadllamablock":1,"minecraft:stone":127,"farmersdelight:cooking_pot":2,"minecraft:flowering_azalea":8,"minecraft:spruce_door":2,"minecraft:crafting_table":8,"minecraft:rose_bush":1,"farmersdelight:onion_crate":1,"minecraft:lapis_ore":13,"delightful:wild_salmonberries":12,"butchersdelight:deadchickenblock":1,"supplementaries:urn":55,"botania:pink_mystical_flower":5,"minecraft:birch_planks":267,"ironfurnaces:diamond_furnace":4,"butchersdelight:deadcowblock":1,"minecraft:sweet_berry_bush":1,"minecraft:coal_ore":134,"farmersdelight:stove":1,"minecraft:small_dripleaf":1,"minecraft:mossy_stone_bricks":1,"miners_delight:copper_pot":2},"minecraft:crafted":{"minecraft:birch_slab":12,"ironfurnaces:iron_furnace":1,"minecraft:diamond_shovel":1,"ironfurnaces:diamond_furnace":1,"butchersdelightfoods:cooked_leg_cow":1,"minecraft:glass":9,"minecraft:iron_door":6,"minecraft:glass_bottle":3,"minecraft:wooden_shovel":2,"minecraft:cooked_porkchop":1,"farmersdelight:iron_knife":1,"farmersdelight:cabbage_crate":8,"travelersbackpack:standard":3,"minecraft:spruce_door":6,"minecraft:smithing_table":1,"minecraft:copper_ingot":9,"minecraft:campfire":1,"minecraft:wooden_hoe":1,"minecraft:iron_pickaxe":5,"minecraft:gold_ingot":1,"minecraft:iron_nugget":81,"butchersdelightfoods:cookedsheepshank":1,"minecraft:bone_meal":6,"butchersdelightfoods:cookedbeefribs":1,"ironfurnaces:emerald_furnace":1,"minecraft:spruce_stairs":12,"travelersbackpack:white_sleeping_bag":2,"farmersdelight:birch_cabinet":2,"minecraft:stone_pickaxe":3,"farmersdelight:hamburger":1,"farmersdelight:onion_crate":1,"butchersdelightfoods:coockedbeeftenderloin":1,"minecraft:birch_trapdoor":6,"minecraft:wooden_axe":1,"minecraft:oak_stairs":36,"minecraft:iron_shovel":1,"minecraft:iron_leggings":2,"delightful:cantaloupe_slice":3,"minecraft:oak_planks":308,"qualitycrops:cooked_cod_iron":3,"minecraft:cooked_chicken":1,"butchersdelightfoods:cooked_ham":1,"minecraft:spruce_pressure_plate":4,"farmersdelight:safety_net":3,"minecraft:hopper":2,"minecraft:iron_boots":2,"butchersdelightfoods:cookedporkribs":1,"minecraft:chest":17,"farmersdelight:tomato_seeds":1,"minecraft:crafting_table":11,"minecraft:spruce_planks":288,"minecraft:baked_potato":5,"minecraft:wooden_pickaxe":1,"minecraft:iron_helmet":2,"minecraft:gold_block":1,"butchersdelight:cleaver":1,"minecraft:birch_planks":380,"farmersdelight:skillet":1,"farmersdelight:cutting_board":1,"minecraft:iron_chestplate":2,"minecraft:paper":12,"minecraft:diamond_pickaxe":1,"minecraft:birch_fence":15,"minecraft:stick":100,"minecraft:iron_ingot":81,"minecraft:stone_sword":1,"miners_delight:copper_cup":1,"minecraft:shears":2,"minecraft:wooden_sword":1,"minecraft:oak_door":6,"ironfurnaces:gold_furnace":1,"minecraft:furnace":3,"supplementaries:doormat":2,"alexscaves:cave_map":1,"farmersdelight:tomato_crate":4,"minecraft:iron_axe":6,"minecraft:cooked_cod":7,"minecraft:spruce_sign":3,"butchersdelight:hook":14,"travelersbackpack:backpack_tank":4,"minecraft:iron_sword":1,"minecraft:bowl":12,"minecraft:bucket":1,"miners_delight:copper_pot":1,"minecraft:stone_axe":2,"minecraft:bread":1,"minecraft:air":0,"ironfurnaces:copper_furnace":1,"minecraft:white_wool":1,"minecraft:raw_gold":54,"delightful:salmonberry_pips":1,"minecraft:torch":64,"butchersdelightfoods:cookedporkloin":1,"ironchest:iron_chest":2},"minecraft:custom":{"minecraft:interact_with_crafting_table":161,"minecraft:open_barrel":38,"minecraft:leave_game":14,"minecraft:time_since_death":103681,"minecraft:play_time":676707,"minecraft:deaths":1,"minecraft:jump":8817,"minecraft:interact_with_furnace":189,"minecraft:sleep_in_bed":14,"minecraft:damage_dealt":29897,"tombstone:undead_killed":84,"minecraft:interact_with_smoker":1,"minecraft:interact_with_smithing_table":10,"minecraft:interact_with_anvil":2,"minecraft:inspect_hopper":42,"minecraft:sneak_time":23390,"minecraft:interact_with_blast_furnace":1,"minecraft:total_world_time":676707,"tombstone:raider_killed":4,"minecraft:time_since_rest":12834,"minecraft:swim_one_cm":98252,"minecraft:fly_one_cm":1500155,"minecraft:open_chest":468,"minecraft:fall_one_cm":223777,"minecraft:sprint_one_cm":1347622,"minecraft:drop":291,"minecraft:talked_to_villager":3,"minecraft:walk_on_water_one_cm":70342,"minecraft:interact_with_loom":9,"minecraft:crouch_one_cm":65993,"tombstone:villager_killed":1,"minecraft:mob_kills":143,"minecraft:climb_one_cm":7981,"minecraft:walk_one_cm":1987358,"minecraft:walk_under_water_one_cm":39914,"minecraft:pot_flower":1,"minecraft:damage_taken":4700},"minecraft:broken":{"minecraft:iron_sword":1,"minecraft:iron_axe":4,"minecraft:iron_pickaxe":2,"minecraft:iron_helmet":1,"minecraft:iron_shovel":1},"minecraft:picked_up":{"minecraft:wooden_axe":1,"qualitycrops:wheat_gold":1,"minecraft:iron_chestplate":2,"farmersdelight:birch_cabinet":1,"butchersdelightfoods:legcow":6,"butchersdelightfoods:llamma_ribs":5,"minecraft:smithing_table":1,"minecraft:oak_stairs":71,"minecraft:enchanted_book":6,"botania:light_blue_mushroom":7,"minecraft:brewing_stand":1,"butchersdelightfoods:llama_loin":5,"minecraft:string":9,"qualitycrops:sweet_berries_iron":3,"botania:light_gray_double_flower":1,"minecraft:cobbled_deepslate":13,"minecraft:spruce_planks":107,"minecraft:sheaf_pottery_sherd":1,"alexsmobs:centipede_leg":2,"botania:manasteel_ingot":2,"qualitysdelight:onion_iron":1,"farmersdelight:onion":34,"minecraft:blue_dye":1,"supplementaries:ash":165,"alexsmobs:flying_fish":8,"qualitysdelight:cabbage_gold":1,"alexsmobs:lobster_tail":1,"botania:cyan_mushroom":2,"minecraft:birch_log":157,"minecraft:magma_block":3,"butchersdelightfoods:beeftenderloin":6,"minecraft:feather":3,"farmersdelight:rice":10,"minecraft:water_bucket":3,"farmersdelight:safety_net":6,"butchersdelight:deadpig":14,"delightful:cantaloupe":9,"butchersdelightfoods:cookedporkloin":3,"minecraft:magenta_bed":2,"farmersdelight:tomato":24,"supplementaries:doormat":4,"butchersdelightfoods:cookedsheeprack":6,"minecraft:moss_block":24,"butchersdelightfoods:cooked_llama_leg":1,"botania:red_mystical_flower":2,"botania:gray_double_flower":2,"miners_delight:gossypium":7,"qualitycrops:mutton_gold":2,"qualitysdelight:cabbage_iron":4,"alexsmobs:shark_tooth":1,"butchersdelight:skullcow":10,"butchersdelightfoods:porkloin":6,"qualitycrops:sugar_cane_diamond":3,"minecraft:stripped_spruce_log":9,"minecraft:ink_sac":1,"alexsmobs:animal_dictionary":1,"minecraft:bundle":5,"minecraft:angler_pottery_sherd":1,"qualitycrops:apple_diamond":1,"alexsmobs:maggot":3,"minecraft:shelter_pottery_sherd":1,"minecraft:crafting_table":10,"minecraft:clay_ball":176,"ae2:silicon_press":1,"qualitycrops:mutton_iron":5,"minecraft:iron_shovel":1,"butchersdelight:dead_cow":10,"minecraft:beef":6,"minecraft:iron_nugget":106,"minecraft:poppy":6,"ironfurnaces:diamond_furnace":2,"minecraft:chest":14,"minecraft:birch_sapling":1,"minecraft:egg":1,"minecraft:oak_door":2,"farmersdelight:cabbage_crate":1,"artifacts:charm_of_sinking":3,"farmersdelight:minced_beef":2,"botania:purple_mushroom":7,"ironchest:iron_chest":6,"butchersdelightfoods:cooked_llama_ribs":2,"farmersdelight:tomato_seeds":31,"botania:pink_mushroom":6,"minecraft:carrot":3,"minecraft:redstone":19,"botania:black_lotus":3,"butchersdelight:deadsheep":11,"minecraft:beetroot_seeds":3,"minecraft:decorated_pot":2,"ironfurnaces:gold_furnace":1,"minecraft:shears":1,"farmersdelight:hamburger":1,"botania:blue_mystical_flower":8,"tombstone:essence_of_undeath":1,"butchersdelightfoods:sheeprack":7,"minecraft:gold_ingot":31,"minecraft:glow_berries":5,"botania:green_mystical_flower":9,"minecraft:mutton":15,"qualitysdelight:cabbage_diamond":1,"minecraft:white_wool":16,"minecraft:red_mushroom":1,"botania:light_gray_mushroom":3,"qualitycrops:cooked_mutton_gold":1,"minecraft:oak_log":122,"botania:red_mushroom":7,"miners_delight:copper_pot":2,"minecraft:paper":1,"tombstone:gift":1,"butchersdelight:deadchiken":11,"qualitycrops:apple_iron":1,"farmersdelight:cooking_pot":2,"minecraft:kelp":7,"pineapple_delight:pineapple":3,"botania:cyan_petal":6,"minecraft:flowering_azalea":2,"minecraft:smooth_basalt":1,"minecraft:sweet_berries":12,"minecraft:gravel":1,"minecraft:spruce_sapling":1,"delightful:salmonberries":9,"botania:lime_mushroom":3,"minecraft:spruce_log":180,"farmersdelight:cabbage_leaf":2,"minecraft:snort_pottery_sherd":1,"minecraft:stone_axe":1,"botania:orange_mystical_flower":4,"qualitycrops:cod_iron":3,"alexscaves:cave_map":1,"pineapple_delight:pineapple_crop":9,"minecraft:pink_dye":3,"minecraft:hopper":6,"minecraft:ender_pearl":5,"minecraft:wheat":7,"alexscaves:cave_tablet":1,"minecraft:stone_brick_stairs":1,"minecraft:raw_copper":126,"minecraft:zombie_head":1,"farmersdelight:cabbage":38,"minecraft:bucket":1,"delightful:acorn":4,"minecraft:rose_bush":1,"minecraft:azalea":1,"farmersdelight:pasta_with_meatballs":1,"minecraft:iron_pickaxe":5,"delightful:green_tea_leaf":4,"farmersdelight:cabbage_seeds":120,"minecraft:furnace":2,"minecraft:iron_boots":1,"qualitycrops:sugar_cane_iron":4,"botania:lexicon":1,"minecraft:stick":19,"farmersdelight:rotten_tomato":1,"minecraft:torch":253,"botania:black_mushroom":6,"minecraft:porkchop":6,"tombstone:grave_dust":9,"supplementaries:flax":7,"ae2:sky_stone_block":17,"farmersdelight:tomato_crate":3,"minecraft:rotten_flesh":53,"butchersdelightfoods:ham":7,"minecraft:cod":3,"minecraft:cobblestone":158,"farmersdelight:onion_crate":1,"minecraft:lilac":9,"corn_delight:corn":2,"minecraft:potato":6,"alexsmobs:bear_fur":3,"supplementaries:flax_seeds":39,"butchersdelightfoods:llama_leg":5,"butchersdelight:goat_fur":7,"minecraft:lapis_lazuli":331,"minecraft:dirt":437,"minecraft:glass":26,"minecraft:bone":106,"butchersdelightfoods:cookedbeefribs":1,"minecraft:wheat_seeds":33,"botania:pink_mystical_flower":4,"minecraft:raw_gold":88,"botania:purple_mystical_flower":1,"ae2:logic_processor_press":1,"minecraft:mossy_stone_bricks":4,"ironfurnaces:iron_furnace":4,"minecraft:oak_planks":86,"botania:gray_mystical_flower":14,"minecraft:cooked_porkchop":2,"botania:pink_petal":14,"butchersdelight:cow_hide":6,"minecraft:sand":67,"minecraft:cyan_bed":1,"minecraft:grass_block":1,"minecraft:lily_of_the_valley":6,"farmersdelight:ham":6,"butchersdelightfoods:beefribs":6,"ae2:quartz_block":2,"minecraft:sugar":1,"minecraft:diamond":55,"minecraft:spruce_sign":1,"butchersdelight:deadllama":6,"minecraft:emerald":107,"butchersdelightfoods:sheepshank":7,"butchersdelight:hook":6,"minecraft:oak_sapling":18,"minecraft:charcoal":2,"minecraft:allium":88,"botania:white_mushroom":9,"minecraft:chicken":2,"minecraft:brown_mushroom":15,"farmersdelight:tomato_sauce":2,"minecraft:gold_block":3,"minecraft:brick":42,"minecraft:iron_axe":5,"miners_delight:cave_carrot":10,"botania:magenta_mystical_flower":5,"butchersdelightfoods:cookedporkribs":1,"minecraft:blackstone":211,"butchersdelightfoods:sheeploin":8,"minecraft:light_gray_wool":1,"minecraft:sugar_cane":73,"butchersdelightfoods:porkribs":8,"minecraft:phantom_membrane":1,"minecraft:raw_iron":208,"qualitycrops:sweet_berries_gold":4,"qualitycrops:sugar_cane_gold":6,"minecraft:copper_ingot":10,"botania:lime_double_flower":3,"qualitycrops:egg_diamond":1,"corn_delight:corn_seeds":17,"minecraft:arrow":6,"botania:lime_mystical_flower":4,"ae2:certus_quartz_dust":6,"alexscaves:spelunkery_table":1,"miners_delight:bat_wing":2,"ae2:calculation_processor_press":1,"minecraft:leather":5,"minecraft:birch_planks":346,"artifacts:cloud_in_a_bottle":1,"minecraft:gunpowder":3,"botania:black_mystical_flower":20,"qualitycrops:glow_berries_iron":2,"minecraft:iron_ingot":112,"minecraft:book":3,"minecraft:dandelion":3,"minecraft:amethyst_shard":2,"minecraft:spider_eye":3,"minecraft:spruce_door":2,"butchersdelight:sheephide":15,"ironfurnaces:copper_furnace":1,"minecraft:iron_helmet":1,"ae2:engineering_processor_press":1,"minecraft:damaged_anvil":2,"farmersdelight:stove":1,"minecraft:coal":619}},"DataVersion":3465}