{"stats":{"minecraft:picked_up":{"minecraft:arrow":2,"minecraft:bone":2,"minecraft:rotten_flesh":2,"minecraft:string":2},"minecraft:killed_by":{"minecraft:spider":1,"minecraft:zombie":1},"minecraft:custom":{"minecraft:time_since_rest":1,"minecraft:deaths":2,"minecraft:crouch_one_cm":2193,"minecraft:play_time":15046,"minecraft:sprint_one_cm":8838,"tombstone:undead_killed":2,"minecraft:damage_taken":505,"minecraft:walk_one_cm":28431,"minecraft:sneak_time":777,"minecraft:mob_kills":3,"minecraft:drop":5,"minecraft:jump":167,"minecraft:damage_dealt":620,"minecraft:leave_game":4,"minecraft:time_since_death":1223,"minecraft:total_world_time":15046,"minecraft:fall_one_cm":4390,"minecraft:fly_one_cm":13780},"minecraft:killed":{"minecraft:skeleton":1,"minecraft:spider":1,"minecraft:husk":1}},"DataVersion":3465}