{"stats":{"minecraft:custom":{"minecraft:interact_with_crafting_table":47,"minecraft:leave_game":3,"minecraft:time_since_death":376020,"minecraft:sprint_one_cm":248532,"minecraft:drop":68,"minecraft:play_time":376020,"minecraft:jump":1403,"minecraft:walk_on_water_one_cm":23100,"minecraft:interact_with_furnace":21,"minecraft:sleep_in_bed":4,"minecraft:damage_dealt":2846,"minecraft:crouch_one_cm":12698,"tombstone:undead_killed":5,"minecraft:interact_with_smithing_table":2,"minecraft:mob_kills":13,"minecraft:climb_one_cm":1611,"minecraft:walk_one_cm":1268499,"minecraft:sneak_time":4313,"minecraft:walk_under_water_one_cm":25597,"minecraft:total_world_time":376020,"minecraft:time_since_rest":460,"minecraft:damage_taken":899,"minecraft:swim_one_cm":3374,"minecraft:fly_one_cm":27268,"minecraft:open_chest":89,"minecraft:fall_one_cm":13652},"minecraft:crafted":{"minecraft:oak_planks":288,"minecraft:spruce_hanging_sign":6,"minecraft:chain":2,"farmersdelight:tomato_sauce":1,"minecraft:chest":4,"minecraft:bricks":4,"minecraft:magenta_dye":1,"botania:light_gray_petal":2,"farmersdelight:stove":1,"botania:cyan_petal":4,"minecraft:wooden_shovel":1,"minecraft:crafting_table":2,"minecraft:spruce_planks":238,"minecraft:wooden_pickaxe":1,"travelersbackpack:standard":1,"minecraft:birch_planks":486,"minecraft:campfire":1,"minecraft:stick":52,"minecraft:iron_ingot":30,"minecraft:iron_pickaxe":1,"minecraft:stone_sword":1,"minecraft:birch_stairs":4,"minecraft:wooden_sword":1,"minecraft:oak_door":6,"minecraft:stone_shovel":2,"botania:blue_petal":2,"minecraft:bone_meal":53,"minecraft:pink_dye":1,"minecraft:white_carpet":3,"minecraft:spruce_stairs":4,"minecraft:iron_axe":1,"botania:white_petal":4,"minecraft:iron_hoe":1,"minecraft:stone_pickaxe":3,"botania:pink_petal":8,"minecraft:magenta_bed":1,"minecraft:cyan_dye":2,"minecraft:spruce_sign":3,"minecraft:cyan_bed":1,"minecraft:iron_sword":1,"farmersdelight:cooking_pot":1,"minecraft:blue_dye":2,"minecraft:oak_stairs":112,"botania:magenta_petal":2,"minecraft:wooden_axe":1,"minecraft:iron_shovel":1,"minecraft:white_bed":2,"minecraft:torch":92,"minecraft:clay":11},"minecraft:dropped":{"minecraft:moss_block":22,"butchersdelight:dead_cow":1,"minecraft:birch_planks":17,"minecraft:diamond":1,"minecraft:glow_berries":6,"minecraft:flint":1,"minecraft:dirt":1,"minecraft:wooden_sword":2,"minecraft:sand":2,"minecraft:gravel":3,"minecraft:white_tulip":1,"minecraft:blackstone":1,"minecraft:iron_nugget":39,"butchersdelight:deadsheep":1,"minecraft:birch_sapling":1,"minecraft:rotten_flesh":2,"minecraft:oak_planks":2,"minecraft:poppy":3,"supplementaries:flax_seeds":4,"minecraft:beetroot_seeds":3,"minecraft:azalea":1,"tetra:modular_double":1,"minecraft:glass":3,"minecraft:enchanted_book":1,"minecraft:iron_ingot":36,"minecraft:wheat_seeds":3,"minecraft:lilac":2,"minecraft:feather":1,"qualitycrops:glow_berries_iron":1,"minecraft:coal":4,"minecraft:stick":6,"minecraft:blue_dye":1,"minecraft:torch":41,"minecraft:wooden_axe":2,"qualitysdelight:cabbage_diamond":1,"tombstone:grave_dust":1,"delightful:acorn":1,"minecraft:string":1,"farmersdelight:rotten_tomato":1,"minecraft:stone_sword":2,"farmersdelight:tomato_sauce":2,"minecraft:lily_of_the_valley":1,"ironfurnaces:copper_furnace":1,"minecraft:allium":14,"minecraft:mossy_stone_bricks":1,"minecraft:stone_pickaxe":2,"minecraft:wooden_pickaxe":1,"minecraft:red_tulip":1,"minecraft:brick":42},"minecraft:mined":{"minecraft:spruce_planks":40,"minecraft:farmland":2,"corn_delight:wild_corn":3,"botania:red_mystical_flower":1,"botania:black_mushroom":2,"botania:light_blue_mushroom":1,"minecraft:grass_block":235,"botania:light_gray_mystical_flower":1,"botania:cyan_mushroom":1,"minecraft:magma_block":8,"botania:light_gray_mushroom":1,"farmersdelight:wild_rice":1,"minecraft:iron_ore":51,"botania:lime_double_flower":1,"minecraft:moss_carpet":2,"minecraft:deepslate_lapis_ore":6,"minecraft:dirt_path":5,"minecraft:oak_stairs":15,"minecraft:pink_tulip":1,"corn_delight:corn_crop":1,"botania:green_mystical_flower":2,"minecraft:blackstone":20,"minecraft:clay":54,"minecraft:torch":7,"minecraft:poppy":3,"minecraft:chest":2,"supplementaries:wild_flax":1,"minecraft:spruce_wall_sign":1,"farmersdelight:cabbages":6,"minecraft:cobblestone":23,"botania:blue_mystical_flower":1,"minecraft:cyan_bed":1,"minecraft:oak_planks":53,"minecraft:wall_torch":3,"botania:black_mystical_flower":8,"minecraft:spruce_wall_hanging_sign":1,"farmersdelight:sandy_shrub":1,"minecraft:birch_log":67,"minecraft:wheat":3,"minecraft:magenta_bed":1,"minecraft:lilac":1,"minecraft:grass":53,"minecraft:oak_log":89,"minecraft:sand":28,"minecraft:dirt":198,"minecraft:oak_leaves":107,"minecraft:deepslate_diamond_ore":17,"farmersdelight:wild_carrots":1,"minecraft:allium":5,"delightful:cantaloupe_plant":3,"farmersdelight:wild_cabbages":3,"minecraft:spruce_leaves":5,"minecraft:moss_block":15,"farmersdelight:wild_onions":7,"botania:purple_mushroom":1,"botania:magenta_mystical_flower":1,"supplementaries:flax":2,"minecraft:stripped_spruce_log":9,"minecraft:deepslate_iron_ore":16,"pineapple_delight:pineapple_wild_crop":4,"butchersdelight:skullcow":1,"minecraft:white_tulip":1,"minecraft:stone":20,"minecraft:lily_of_the_valley":1,"botania:lime_mushroom":1,"minecraft:dandelion":6,"minecraft:crafting_table":3,"minecraft:campfire":1,"minecraft:tall_grass":1,"minecraft:lapis_ore":1,"delightful:wild_salmonberries":2,"botania:white_double_flower":1,"supplementaries:urn":5,"botania:pink_mystical_flower":4,"botania:cyan_mystical_flower":2,"minecraft:birch_planks":121,"butchersdelight:deadcowblock":1,"minecraft:white_carpet":3,"minecraft:spruce_log":31,"minecraft:birch_leaves":2,"minecraft:coal_ore":72,"minecraft:gravel":3,"botania:gray_mystical_flower":3,"minecraft:gold_ore":13,"minecraft:mossy_stone_bricks":1},"minecraft:broken":{"minecraft:wooden_shovel":1,"minecraft:stone_axe":1,"minecraft:stone_shovel":2,"minecraft:iron_axe":1},"minecraft:used":{"minecraft:moss_block":1,"minecraft:iron_shovel":154,"farmersdelight:cabbage_seeds":37,"minecraft:chest":5,"farmersdelight:stove":1,"farmersdelight:cabbage":2,"minecraft:iron_sword":103,"minecraft:glass":8,"alexsmobs:lobster_tail":1,"minecraft:spruce_hanging_sign":1,"minecraft:stone_pickaxe":192,"minecraft:oak_planks":136,"minecraft:sugar_cane":6,"minecraft:white_wool":1,"qualitycrops:glow_berries_iron":2,"minecraft:glow_berries":1,"qualitycrops:apple_diamond":1,"minecraft:cyan_bed":2,"farmersdelight:ham":1,"supplementaries:flax_seeds":6,"butchersdelightfoods:cooked_ham":2,"minecraft:wooden_sword":25,"minecraft:bone_meal":60,"butchersdelightfoods:cooked_sheeploin":1,"delightful:acorn":1,"minecraft:stone_sword":27,"minecraft:stone_shovel":272,"minecraft:spruce_planks":258,"minecraft:wooden_shovel":75,"minecraft:oak_door":6,"minecraft:torch":70,"minecraft:dirt":176,"minecraft:white_carpet":3,"minecraft:spruce_stairs":2,"minecraft:iron_hoe":90,"minecraft:wooden_axe":13,"minecraft:iron_axe":434,"minecraft:oak_stairs":120,"farmersdelight:cooking_pot":1,"minecraft:cooked_beef":1,"farmersdelight:tomato_seeds":10,"qualitycrops:cooked_mutton_gold":1,"minecraft:wheat_seeds":12,"minecraft:water_bucket":7,"farmersdelight:skillet":1,"minecraft:birch_planks":535,"minecraft:spruce_sign":2,"delightful:salmonberries":6,"farmersdelight:onion":8,"farmersdelight:wild_carrots":1,"minecraft:crafting_table":3,"minecraft:magenta_bed":2,"minecraft:cod":5,"minecraft:spruce_log":9,"corn_delight:corn_seeds":9,"minecraft:apple":1,"minecraft:iron_pickaxe":103,"minecraft:stone_axe":106,"travelersbackpack:standard":1,"minecraft:cooked_porkchop":1,"minecraft:bucket":7,"alexsmobs:animal_dictionary":2,"minecraft:dandelion":2},"minecraft:picked_up":{"minecraft:wooden_axe":1,"minecraft:iron_chestplate":3,"minecraft:wheat":3,"minecraft:oak_stairs":12,"butchersdelightfoods:cooked_ham":1,"minecraft:enchanted_book":1,"botania:light_blue_mushroom":1,"minecraft:string":1,"minecraft:raw_copper":27,"minecraft:iron_leggings":1,"minecraft:gold_nugget":41,"farmersdelight:cabbage":10,"delightful:acorn":2,"minecraft:spruce_planks":19,"minecraft:white_tulip":1,"minecraft:azalea":1,"minecraft:wooden_shovel":1,"minecraft:iron_pickaxe":2,"delightful:green_tea_leaf":2,"farmersdelight:cabbage_seeds":24,"minecraft:iron_boots":1,"butchersdelightfoods:cooked_sheeploin":1,"minecraft:stick":11,"farmersdelight:rotten_tomato":1,"minecraft:torch":13,"botania:black_mushroom":2,"travelersbackpack:iron_tier_upgrade":1,"tombstone:grave_dust":1,"supplementaries:flax":2,"alexsmobs:centipede_leg":4,"minecraft:stone_sword":2,"minecraft:rotten_flesh":6,"botania:light_gray_mystical_flower":1,"farmersdelight:onion":8,"minecraft:red_tulip":2,"minecraft:spruce_hanging_sign":1,"delightful:cantaloupe_seeds":3,"alexsmobs:flying_fish":1,"alexsmobs:lobster_tail":1,"minecraft:cobblestone":24,"minecraft:birch_log":123,"botania:cyan_mushroom":1,"minecraft:magma_block":7,"minecraft:feather":1,"minecraft:lilac":5,"farmersdelight:rice":1,"corn_delight:corn":1,"minecraft:water_bucket":2,"minecraft:flint":1,"delightful:cantaloupe":3,"supplementaries:flax_seeds":9,"minecraft:magenta_bed":1,"farmersdelight:tomato":16,"minecraft:dirt":407,"minecraft:lapis_lazuli":46,"botania:white_double_flower":1,"minecraft:bone":11,"minecraft:glass":4,"farmersdelight:iron_knife":1,"botania:cyan_mystical_flower":2,"minecraft:wheat_seeds":15,"botania:pink_mystical_flower":4,"minecraft:mossy_stone_bricks":1,"minecraft:moss_block":23,"minecraft:oak_planks":48,"botania:gray_mystical_flower":3,"botania:red_mystical_flower":1,"botania:pink_petal":7,"tetra:modular_double":1,"minecraft:sand":27,"minecraft:stripped_spruce_log":9,"minecraft:lily_of_the_valley":1,"minecraft:grass_block":1,"minecraft:cyan_bed":1,"minecraft:diamond":38,"qualitycrops:apple_diamond":1,"minecraft:spruce_sign":1,"butchersdelight:deadllama":2,"alexsmobs:maggot":1,"minecraft:oak_sapling":9,"minecraft:charcoal":4,"minecraft:crafting_table":3,"minecraft:allium":26,"minecraft:clay_ball":197,"farmersdelight:tomato_sauce":2,"delightful:nut_butter_bottle":1,"minecraft:iron_axe":1,"minecraft:wooden_sword":1,"qualitycrops:mutton_iron":1,"minecraft:white_carpet":3,"butchersdelightfoods:cookedporkribs":1,"botania:magenta_mystical_flower":1,"minecraft:blackstone":95,"butchersdelight:dead_cow":1,"minecraft:beef":1,"minecraft:iron_nugget":62,"minecraft:poppy":7,"minecraft:sugar_cane":6,"minecraft:chest":2,"minecraft:birch_sapling":1,"minecraft:raw_iron":61,"minecraft:oak_door":4,"artifacts:charm_of_sinking":1,"minecraft:copper_ingot":2,"botania:purple_mushroom":1,"botania:lime_double_flower":1,"corn_delight:corn_seeds":14,"butchersdelight:deadsheep":1,"minecraft:arrow":2,"minecraft:beetroot_seeds":3,"minecraft:shears":1,"botania:blue_mystical_flower":2,"minecraft:pink_tulip":2,"minecraft:glow_berries":10,"farmersdelight:wild_carrots":1,"botania:green_mystical_flower":2,"qualitysdelight:cabbage_diamond":3,"minecraft:white_wool":8,"minecraft:leather":1,"minecraft:birch_planks":184,"botania:light_gray_mushroom":1,"minecraft:oak_log":99,"qualitycrops:cooked_mutton_gold":1,"artifacts:cloud_in_a_bottle":1,"farmersdelight:skillet":1,"botania:black_mystical_flower":7,"minecraft:apple":1,"minecraft:kelp":5,"qualitycrops:glow_berries_iron":3,"minecraft:iron_ingot":27,"minecraft:stone_pickaxe":1,"minecraft:flowering_azalea":5,"minecraft:dandelion":7,"minecraft:gravel":3,"delightful:salmonberries":6,"botania:lime_mushroom":1,"minecraft:spruce_log":72,"farmersdelight:cabbage_leaf":4,"minecraft:spruce_door":1,"travelersbackpack:standard":1,"tetra:geode":1,"ironfurnaces:copper_furnace":1,"minecraft:iron_helmet":1,"pineapple_delight:pineapple_crop":3,"minecraft:coal":155,"minecraft:ender_pearl":1},"minecraft:killed":{"alexsmobs:lobster":3,"minecraft:spider":1,"alexsmobs:centipede_head":1,"minecraft:zombie":5,"alexsmobs:fly":1,"minecraft:enderman":1}},"DataVersion":3465}