{"stats":{"minecraft:killed":{"alexsmobs:lobster":3,"minecraft:spider":1,"alexsmobs:centipede_head":1,"minecraft:zombie":5,"alexsmobs:fly":1,"minecraft:wandering_trader":1,"minecraft:enderman":1},"minecraft:dropped":{"minecraft:moss_block":22,"butchersdelight:dead_cow":1,"minecraft:birch_planks":17,"minecraft:diamond":1,"minecraft:glow_berries":6,"minecraft:flint":1,"minecraft:dirt":1,"minecraft:wooden_sword":2,"alexscaves:cave_map":1,"minecraft:sand":2,"minecraft:gravel":3,"minecraft:white_tulip":1,"minecraft:blackstone":1,"minecraft:iron_nugget":39,"butchersdelight:deadsheep":1,"minecraft:birch_sapling":1,"minecraft:rotten_flesh":2,"minecraft:oak_planks":2,"minecraft:poppy":3,"supplementaries:flax_seeds":4,"minecraft:beetroot_seeds":3,"minecraft:azalea":1,"minecraft:glass":3,"minecraft:enchanted_book":1,"minecraft:iron_ingot":36,"minecraft:wheat_seeds":3,"minecraft:lilac":2,"minecraft:feather":1,"qualitycrops:glow_berries_iron":1,"minecraft:coal":4,"minecraft:stick":6,"minecraft:blue_dye":1,"minecraft:torch":41,"minecraft:wooden_axe":2,"qualitysdelight:cabbage_diamond":1,"tombstone:grave_dust":1,"delightful:acorn":1,"minecraft:string":1,"farmersdelight:rotten_tomato":1,"minecraft:stone_sword":2,"farmersdelight:tomato_sauce":2,"minecraft:lily_of_the_valley":1,"ironfurnaces:copper_furnace":1,"minecraft:allium":14,"minecraft:mossy_stone_bricks":1,"minecraft:stone_pickaxe":2,"minecraft:wooden_pickaxe":1,"minecraft:red_tulip":1,"minecraft:brick":42},"minecraft:used":{"minecraft:moss_block":1,"minecraft:iron_shovel":247,"farmersdelight:cabbage_seeds":70,"farmersdelight:stove":1,"minecraft:chest":27,"farmersdelight:cabbage":2,"minecraft:iron_sword":178,"minecraft:glass":8,"alexsmobs:lobster_tail":1,"minecraft:spruce_hanging_sign":1,"butchersdelightfoods:cookedporkribs":2,"minecraft:stone_pickaxe":192,"minecraft:oak_planks":164,"botania:orange_mystical_flower":1,"minecraft:sugar_cane":6,"minecraft:white_wool":1,"qualitycrops:glow_berries_iron":2,"minecraft:glow_berries":1,"qualitycrops:apple_diamond":1,"minecraft:shears":3,"pineapple_delight:pineapple_crop":52,"minecraft:cyan_bed":2,"farmersdelight:ham":3,"supplementaries:flax_seeds":9,"butchersdelightfoods:cooked_ham":2,"minecraft:wooden_sword":25,"minecraft:bone_meal":60,"butchersdelightfoods:cooked_sheeploin":1,"delightful:acorn":1,"minecraft:rose_bush":7,"minecraft:stone_sword":27,"minecraft:stone_shovel":297,"minecraft:spruce_planks":356,"botania:black_mystical_flower":1,"minecraft:wooden_shovel":75,"minecraft:stone_hoe":16,"minecraft:oak_door":6,"minecraft:torch":359,"minecraft:dirt":358,"minecraft:white_carpet":3,"minecraft:spruce_stairs":2,"botania:purple_mystical_flower":3,"minecraft:iron_hoe":217,"minecraft:wooden_axe":13,"minecraft:iron_axe":729,"minecraft:oak_stairs":150,"farmersdelight:cooking_pot":1,"butchersdelightfoods:cooked_llama_leg":1,"minecraft:cooked_beef":1,"farmersdelight:tomato_seeds":10,"qualitycrops:cooked_mutton_gold":1,"minecraft:wheat_seeds":12,"minecraft:cooked_mutton":5,"minecraft:water_bucket":9,"farmersdelight:skillet":1,"minecraft:birch_planks":618,"botania:yellow_mystical_flower":1,"botania:brown_mystical_flower":4,"minecraft:spruce_sign":9,"delightful:salmonberries":6,"farmersdelight:onion":8,"farmersdelight:wild_carrots":1,"minecraft:crafting_table":3,"minecraft:magenta_bed":2,"botania:light_blue_mystical_flower":2,"minecraft:cod":5,"minecraft:spruce_log":10,"corn_delight:corn_seeds":14,"minecraft:apple":1,"minecraft:iron_pickaxe":151,"minecraft:stone_axe":106,"minecraft:cobblestone":3,"travelersbackpack:standard":13,"minecraft:cooked_porkchop":1,"botania:purple_double_flower":2,"minecraft:bucket":8,"alexsmobs:animal_dictionary":2,"minecraft:dandelion":2},"minecraft:crafted":{"minecraft:oak_planks":364,"minecraft:spruce_hanging_sign":6,"minecraft:chain":2,"farmersdelight:tomato_sauce":1,"minecraft:chest":17,"minecraft:bricks":4,"minecraft:stone_hoe":1,"minecraft:magenta_dye":1,"botania:light_gray_petal":2,"farmersdelight:stove":1,"botania:cyan_petal":4,"minecraft:wooden_shovel":1,"minecraft:crafting_table":2,"minecraft:spruce_planks":350,"travelersbackpack:standard":1,"minecraft:wooden_pickaxe":1,"minecraft:birch_planks":572,"minecraft:campfire":1,"minecraft:diamond_pickaxe":1,"minecraft:stick":92,"minecraft:iron_ingot":30,"minecraft:iron_pickaxe":2,"minecraft:stone_sword":1,"minecraft:birch_stairs":4,"minecraft:wooden_sword":1,"minecraft:oak_door":6,"minecraft:stone_shovel":4,"botania:blue_petal":2,"minecraft:bone_meal":53,"minecraft:pink_dye":1,"minecraft:white_carpet":3,"minecraft:spruce_stairs":4,"minecraft:iron_axe":3,"botania:white_petal":4,"minecraft:iron_hoe":1,"minecraft:stone_pickaxe":3,"botania:pink_petal":8,"minecraft:magenta_bed":1,"minecraft:cyan_dye":2,"minecraft:spruce_sign":8,"minecraft:cyan_bed":1,"minecraft:iron_sword":1,"farmersdelight:cooking_pot":1,"minecraft:blue_dye":2,"minecraft:wooden_axe":1,"botania:magenta_petal":2,"minecraft:oak_stairs":132,"minecraft:iron_shovel":1,"minecraft:white_bed":2,"minecraft:torch":236,"minecraft:clay":11},"minecraft:mined":{"minecraft:spruce_planks":82,"minecraft:farmland":4,"corn_delight:wild_corn":3,"botania:red_mystical_flower":1,"botania:black_mushroom":2,"botania:light_blue_mushroom":1,"minecraft:grass_block":294,"botania:light_gray_mystical_flower":1,"botania:cyan_mushroom":1,"minecraft:magma_block":8,"botania:purple_mystical_flower":3,"botania:light_gray_mushroom":1,"farmersdelight:wild_rice":1,"minecraft:iron_ore":51,"botania:lime_double_flower":1,"minecraft:moss_carpet":2,"minecraft:deepslate_lapis_ore":6,"minecraft:azure_bluet":1,"minecraft:dirt_path":5,"minecraft:oak_stairs":50,"minecraft:pink_tulip":1,"botania:brown_mystical_flower":4,"botania:light_blue_mystical_flower":2,"corn_delight:corn_crop":12,"botania:green_mystical_flower":2,"minecraft:brown_mushroom":1,"minecraft:blackstone":20,"minecraft:clay":54,"minecraft:torch":94,"minecraft:poppy":3,"minecraft:chest":9,"botania:purple_double_flower":2,"supplementaries:wild_flax":1,"minecraft:spruce_wall_sign":1,"farmersdelight:cabbages":51,"minecraft:cobblestone":24,"botania:blue_mystical_flower":1,"minecraft:cyan_bed":1,"minecraft:oak_planks":69,"botania:black_mystical_flower":9,"minecraft:wall_torch":24,"minecraft:spruce_wall_hanging_sign":1,"farmersdelight:sandy_shrub":1,"minecraft:birch_log":90,"minecraft:wheat":12,"minecraft:magenta_bed":1,"pineapple_delight:pineapple_crop":35,"minecraft:lilac":1,"minecraft:grass":67,"minecraft:oak_log":98,"minecraft:sand":28,"minecraft:dirt":281,"minecraft:oak_leaves":204,"farmersdelight:onions":7,"minecraft:deepslate_diamond_ore":17,"farmersdelight:wild_carrots":1,"minecraft:allium":5,"delightful:cantaloupe_plant":3,"farmersdelight:wild_cabbages":3,"minecraft:spruce_leaves":5,"minecraft:moss_block":15,"minecraft:large_fern":5,"farmersdelight:wild_onions":7,"botania:purple_mushroom":1,"botania:magenta_mystical_flower":1,"supplementaries:flax":2,"minecraft:stripped_spruce_log":9,"minecraft:deepslate_iron_ore":16,"pineapple_delight:pineapple_wild_crop":18,"butchersdelight:skullcow":1,"ae2:sky_stone_block":5,"minecraft:white_tulip":1,"minecraft:stone":31,"minecraft:lily_of_the_valley":1,"botania:lime_mushroom":1,"minecraft:dandelion":6,"travelersbackpack:standard":1,"minecraft:crafting_table":3,"minecraft:rose_bush":7,"minecraft:campfire":1,"minecraft:tall_grass":1,"minecraft:lapis_ore":1,"botania:white_double_flower":1,"delightful:wild_salmonberries":2,"supplementaries:urn":5,"botania:pink_mystical_flower":4,"botania:cyan_mystical_flower":2,"minecraft:birch_planks":141,"butchersdelight:deadcowblock":1,"minecraft:white_carpet":3,"minecraft:spruce_log":75,"minecraft:birch_leaves":24,"minecraft:coal_ore":94,"botania:yellow_mystical_flower":1,"minecraft:gravel":3,"botania:gray_mystical_flower":3,"minecraft:gold_ore":13,"minecraft:mossy_stone_bricks":1,"minecraft:fern":3},"minecraft:broken":{"minecraft:wooden_shovel":1,"minecraft:stone_axe":1,"minecraft:stone_shovel":2,"minecraft:iron_axe":1},"minecraft:custom":{"minecraft:interact_with_crafting_table":63,"minecraft:leave_game":5,"minecraft:time_since_death":585652,"minecraft:sprint_one_cm":583330,"minecraft:drop":69,"minecraft:play_time":585652,"minecraft:jump":1878,"minecraft:walk_on_water_one_cm":31571,"minecraft:interact_with_furnace":21,"minecraft:sleep_in_bed":10,"minecraft:damage_dealt":3221,"minecraft:crouch_one_cm":18335,"tombstone:undead_killed":5,"tombstone:villager_killed":1,"minecraft:interact_with_smithing_table":2,"minecraft:mob_kills":14,"minecraft:climb_one_cm":1611,"minecraft:walk_one_cm":1835714,"minecraft:sneak_time":6977,"minecraft:walk_under_water_one_cm":26751,"minecraft:total_world_time":585652,"minecraft:time_since_rest":944,"minecraft:damage_taken":1067,"minecraft:swim_one_cm":25791,"minecraft:fly_one_cm":51316,"minecraft:open_chest":272,"minecraft:fall_one_cm":15831},"minecraft:picked_up":{"minecraft:wooden_axe":1,"minecraft:iron_chestplate":3,"minecraft:wheat":12,"minecraft:smithing_table":1,"minecraft:lead":2,"minecraft:oak_stairs":35,"butchersdelightfoods:cooked_ham":1,"minecraft:enchanted_book":1,"botania:light_blue_mushroom":1,"minecraft:string":1,"minecraft:raw_copper":27,"minecraft:iron_leggings":1,"minecraft:gold_nugget":41,"farmersdelight:cabbage":52,"minecraft:spruce_planks":59,"delightful:acorn":2,"minecraft:white_tulip":1,"minecraft:rose_bush":7,"minecraft:azalea":1,"minecraft:wooden_shovel":1,"minecraft:iron_pickaxe":2,"delightful:green_tea_leaf":2,"farmersdelight:cabbage_seeds":128,"minecraft:iron_boots":1,"butchersdelightfoods:cooked_sheeploin":1,"minecraft:stick":13,"farmersdelight:rotten_tomato":3,"minecraft:torch":199,"botania:yellow_mystical_flower":1,"botania:black_mushroom":2,"travelersbackpack:iron_tier_upgrade":1,"tombstone:grave_dust":1,"supplementaries:flax":2,"alexsmobs:centipede_leg":4,"ae2:sky_stone_block":2,"minecraft:stone_sword":2,"qualitysdelight:onion_iron":2,"minecraft:rotten_flesh":6,"botania:light_gray_mystical_flower":1,"farmersdelight:onion":27,"minecraft:red_tulip":2,"minecraft:spruce_hanging_sign":1,"delightful:cantaloupe_seeds":3,"qualitysdelight:cabbage_gold":5,"alexsmobs:lobster_tail":1,"alexsmobs:flying_fish":1,"minecraft:cobblestone":35,"minecraft:birch_log":146,"botania:cyan_mushroom":1,"minecraft:magma_block":7,"minecraft:feather":1,"minecraft:lilac":5,"farmersdelight:rice":1,"corn_delight:corn":10,"minecraft:water_bucket":2,"minecraft:potato":6,"minecraft:flint":1,"delightful:cantaloupe":3,"supplementaries:flax_seeds":9,"minecraft:magenta_bed":1,"qualitysdelight:onion_diamond":1,"minecraft:lapis_lazuli":46,"farmersdelight:tomato":42,"minecraft:dirt":536,"botania:white_double_flower":1,"minecraft:glass":4,"minecraft:bone":11,"farmersdelight:iron_knife":1,"botania:cyan_mystical_flower":2,"minecraft:wheat_seeds":33,"botania:pink_mystical_flower":6,"botania:purple_mystical_flower":3,"ae2:logic_processor_press":1,"minecraft:mossy_stone_bricks":1,"minecraft:moss_block":23,"minecraft:oak_planks":62,"botania:gray_mystical_flower":3,"botania:red_mystical_flower":1,"botania:pink_petal":7,"qualitysdelight:cabbage_iron":10,"minecraft:sand":27,"minecraft:stripped_spruce_log":9,"minecraft:lily_of_the_valley":1,"minecraft:grass_block":1,"minecraft:cyan_bed":1,"qualitycrops:wheat_iron":5,"minecraft:diamond":55,"minecraft:grass":3,"qualitycrops:apple_diamond":1,"minecraft:spruce_sign":1,"butchersdelight:deadllama":2,"alexsmobs:maggot":1,"minecraft:oak_sapling":9,"minecraft:charcoal":4,"minecraft:crafting_table":3,"minecraft:allium":26,"minecraft:clay_ball":197,"minecraft:brown_mushroom":4,"farmersdelight:tomato_sauce":2,"delightful:nut_butter_bottle":1,"ae2:silicon_press":1,"minecraft:iron_axe":1,"minecraft:wooden_sword":1,"qualitycrops:mutton_iron":1,"miners_delight:cave_carrot":10,"minecraft:white_carpet":3,"butchersdelightfoods:cookedporkribs":6,"botania:magenta_mystical_flower":1,"minecraft:blackstone":95,"butchersdelight:dead_cow":1,"minecraft:beef":1,"minecraft:iron_nugget":62,"minecraft:poppy":7,"minecraft:sugar_cane":6,"minecraft:chest":9,"minecraft:birch_sapling":4,"minecraft:raw_iron":61,"qualitysdelight:onion_gold":1,"minecraft:oak_door":4,"artifacts:charm_of_sinking":1,"minecraft:copper_ingot":2,"botania:purple_mushroom":1,"botania:lime_double_flower":1,"corn_delight:corn_seeds":41,"minecraft:arrow":2,"butchersdelight:deadsheep":1,"minecraft:beetroot_seeds":3,"ae2:certus_quartz_dust":6,"minecraft:shears":1,"farmersdelight:hamburger":1,"botania:blue_mystical_flower":2,"minecraft:pink_tulip":2,"ae2:calculation_processor_press":1,"qualitysdelight:tomato_diamond":2,"minecraft:glow_berries":10,"farmersdelight:wild_carrots":1,"botania:green_mystical_flower":2,"qualitysdelight:cabbage_diamond":4,"minecraft:white_wool":8,"minecraft:leather":1,"minecraft:birch_planks":197,"botania:light_gray_mushroom":1,"minecraft:oak_log":107,"qualitycrops:cooked_mutton_gold":1,"artifacts:cloud_in_a_bottle":1,"farmersdelight:skillet":1,"botania:light_blue_mystical_flower":2,"botania:black_mystical_flower":8,"butchersdelight:deadchiken":1,"minecraft:apple":1,"minecraft:kelp":5,"qualitycrops:glow_berries_iron":3,"minecraft:iron_ingot":30,"minecraft:stone_pickaxe":1,"pineapple_delight:pineapple":30,"minecraft:flowering_azalea":5,"botania:purple_double_flower":2,"qualitysdelight:tomato_gold":3,"minecraft:dandelion":7,"minecraft:gravel":3,"botania:lime_mushroom":1,"delightful:salmonberries":6,"minecraft:spruce_log":116,"minecraft:spruce_door":1,"farmersdelight:cabbage_leaf":4,"travelersbackpack:standard":2,"ironfurnaces:copper_furnace":1,"minecraft:iron_helmet":1,"botania:orange_mystical_flower":1,"ae2:engineering_processor_press":1,"alexscaves:cave_map":1,"pineapple_delight:pineapple_crop":51,"botania:brown_mystical_flower":4,"minecraft:coal":177,"minecraft:ender_pearl":1}},"DataVersion":3465}