{"stats":{"minecraft:custom":{"minecraft:mob_kills":11,"minecraft:interact_with_crafting_table":38,"minecraft:leave_game":3,"minecraft:time_since_death":260715,"minecraft:climb_one_cm":1611,"minecraft:sprint_one_cm":168103,"minecraft:walk_one_cm":940869,"minecraft:drop":59,"minecraft:play_time":260715,"minecraft:sneak_time":3781,"minecraft:walk_under_water_one_cm":7052,"minecraft:jump":1209,"minecraft:walk_on_water_one_cm":12033,"minecraft:total_world_time":260715,"minecraft:interact_with_furnace":18,"minecraft:sleep_in_bed":2,"minecraft:time_since_rest":101329,"minecraft:damage_taken":749,"minecraft:damage_dealt":2151,"minecraft:fly_one_cm":19917,"minecraft:open_chest":43,"minecraft:crouch_one_cm":12666,"tombstone:undead_killed":3,"minecraft:fall_one_cm":12231},"minecraft:mined":{"minecraft:spruce_planks":4,"minecraft:deepslate_diamond_ore":17,"corn_delight:wild_corn":3,"farmersdelight:wild_carrots":1,"botania:light_blue_mushroom":1,"botania:black_mushroom":2,"minecraft:allium":3,"minecraft:grass_block":193,"delightful:cantaloupe_plant":3,"farmersdelight:wild_cabbages":3,"minecraft:spruce_leaves":5,"minecraft:moss_block":15,"botania:light_gray_mystical_flower":1,"botania:cyan_mushroom":1,"farmersdelight:wild_onions":7,"botania:purple_mushroom":1,"minecraft:magma_block":8,"botania:magenta_mystical_flower":1,"botania:light_gray_mushroom":1,"farmersdelight:wild_rice":1,"minecraft:iron_ore":51,"botania:lime_double_flower":1,"minecraft:stripped_spruce_log":9,"minecraft:moss_carpet":2,"minecraft:deepslate_lapis_ore":6,"pineapple_delight:pineapple_wild_crop":4,"minecraft:deepslate_iron_ore":16,"minecraft:oak_stairs":12,"minecraft:pink_tulip":1,"butchersdelight:skullcow":1,"minecraft:stone":20,"minecraft:white_tulip":1,"botania:green_mystical_flower":2,"minecraft:blackstone":20,"minecraft:lily_of_the_valley":1,"botania:lime_mushroom":1,"minecraft:dandelion":3,"minecraft:clay":7,"minecraft:crafting_table":3,"minecraft:torch":4,"minecraft:poppy":3,"minecraft:campfire":1,"minecraft:spruce_wall_sign":1,"minecraft:tall_grass":1,"minecraft:cobblestone":23,"botania:blue_mystical_flower":1,"minecraft:cyan_bed":1,"minecraft:lapis_ore":1,"minecraft:oak_planks":9,"botania:white_double_flower":1,"delightful:wild_salmonberries":2,"minecraft:wall_torch":2,"botania:black_mystical_flower":3,"minecraft:spruce_wall_hanging_sign":1,"supplementaries:urn":5,"botania:pink_mystical_flower":4,"botania:cyan_mystical_flower":2,"minecraft:birch_planks":21,"farmersdelight:sandy_shrub":1,"butchersdelight:deadcowblock":1,"minecraft:birch_log":63,"minecraft:magenta_bed":1,"minecraft:lilac":1,"minecraft:white_carpet":3,"minecraft:spruce_log":31,"minecraft:birch_leaves":2,"minecraft:grass":35,"minecraft:oak_log":73,"minecraft:coal_ore":72,"minecraft:dirt":112,"minecraft:sand":3,"minecraft:gravel":3,"botania:gray_mystical_flower":3,"minecraft:mossy_stone_bricks":1,"minecraft:gold_ore":13,"minecraft:oak_leaves":70},"minecraft:crafted":{"minecraft:wooden_sword":1,"minecraft:oak_door":6,"minecraft:oak_planks":258,"minecraft:stone_shovel":2,"minecraft:spruce_hanging_sign":6,"minecraft:chain":2,"botania:blue_petal":2,"minecraft:pink_dye":1,"minecraft:white_carpet":3,"minecraft:spruce_stairs":4,"botania:white_petal":4,"minecraft:stone_pickaxe":3,"minecraft:chest":3,"minecraft:magenta_dye":1,"botania:light_gray_petal":2,"botania:pink_petal":8,"botania:cyan_petal":4,"minecraft:magenta_bed":1,"minecraft:wooden_shovel":1,"minecraft:cyan_dye":2,"minecraft:spruce_sign":3,"minecraft:crafting_table":2,"minecraft:spruce_planks":126,"minecraft:cyan_bed":1,"minecraft:wooden_pickaxe":1,"minecraft:iron_sword":1,"minecraft:birch_planks":360,"minecraft:blue_dye":2,"minecraft:stick":32,"minecraft:iron_ingot":30,"botania:magenta_petal":2,"minecraft:iron_pickaxe":1,"minecraft:oak_stairs":112,"minecraft:wooden_axe":1,"minecraft:stone_sword":1,"minecraft:white_bed":2,"minecraft:torch":48,"minecraft:birch_stairs":4,"minecraft:clay":11},"minecraft:dropped":{"minecraft:enchanted_book":1,"minecraft:iron_ingot":36,"minecraft:moss_block":22,"butchersdelight:dead_cow":1,"minecraft:birch_planks":5,"minecraft:wheat_seeds":3,"minecraft:lilac":2,"minecraft:diamond":1,"minecraft:feather":1,"minecraft:glow_berries":6,"qualitycrops:glow_berries_iron":1,"minecraft:coal":4,"minecraft:stick":6,"minecraft:flint":1,"minecraft:blue_dye":1,"minecraft:wooden_axe":2,"tombstone:grave_dust":1,"delightful:acorn":1,"minecraft:wooden_sword":2,"minecraft:sand":2,"minecraft:string":1,"minecraft:gravel":3,"minecraft:white_tulip":1,"minecraft:blackstone":1,"minecraft:iron_nugget":39,"minecraft:stone_sword":2,"butchersdelight:deadsheep":1,"minecraft:birch_sapling":1,"minecraft:rotten_flesh":2,"minecraft:oak_planks":2,"minecraft:lily_of_the_valley":1,"minecraft:poppy":2,"supplementaries:flax_seeds":4,"ironfurnaces:copper_furnace":1,"minecraft:allium":14,"minecraft:beetroot_seeds":3,"minecraft:mossy_stone_bricks":1,"minecraft:azalea":1,"minecraft:glass":3,"minecraft:stone_pickaxe":2,"minecraft:wooden_pickaxe":1,"minecraft:red_tulip":1},"minecraft:broken":{"minecraft:wooden_shovel":1,"minecraft:iron_axe":1,"minecraft:stone_shovel":1},"minecraft:used":{"minecraft:moss_block":1,"minecraft:stone_sword":27,"minecraft:stone_shovel":222,"minecraft:spruce_planks":128,"minecraft:chest":3,"farmersdelight:cabbage":2,"minecraft:iron_sword":80,"minecraft:wooden_shovel":75,"minecraft:oak_door":6,"minecraft:torch":60,"minecraft:dirt":100,"minecraft:white_carpet":3,"minecraft:spruce_stairs":2,"minecraft:glass":8,"minecraft:wooden_axe":13,"alexsmobs:lobster_tail":1,"minecraft:iron_axe":248,"minecraft:oak_stairs":120,"minecraft:spruce_hanging_sign":1,"minecraft:birch_planks":321,"minecraft:stone_pickaxe":192,"minecraft:oak_planks":59,"minecraft:spruce_sign":2,"minecraft:white_wool":1,"minecraft:glow_berries":1,"qualitycrops:glow_berries_iron":2,"delightful:salmonberries":6,"farmersdelight:onion":8,"qualitycrops:apple_diamond":1,"farmersdelight:wild_carrots":1,"minecraft:crafting_table":3,"minecraft:magenta_bed":2,"minecraft:cod":5,"minecraft:spruce_log":9,"minecraft:apple":1,"minecraft:cyan_bed":2,"minecraft:iron_pickaxe":95,"farmersdelight:ham":1,"butchersdelightfoods:cooked_ham":1,"minecraft:stone_axe":41,"minecraft:wooden_sword":25,"travelersbackpack:standard":1,"alexsmobs:animal_dictionary":2,"butchersdelightfoods:cooked_sheeploin":1},"minecraft:picked_up":{"minecraft:wooden_axe":1,"minecraft:charcoal":4,"minecraft:crafting_table":3,"minecraft:iron_chestplate":3,"minecraft:allium":26,"minecraft:clay_ball":20,"minecraft:oak_stairs":10,"butchersdelightfoods:cooked_ham":1,"minecraft:enchanted_book":1,"botania:light_blue_mushroom":1,"minecraft:string":1,"minecraft:raw_copper":27,"minecraft:iron_axe":1,"minecraft:wooden_sword":1,"qualitycrops:mutton_iron":1,"minecraft:iron_leggings":1,"minecraft:white_carpet":3,"botania:magenta_mystical_flower":1,"butchersdelightfoods:cookedporkribs":1,"minecraft:blackstone":95,"butchersdelight:dead_cow":1,"minecraft:gold_nugget":41,"farmersdelight:cabbage":2,"minecraft:spruce_planks":4,"delightful:acorn":2,"minecraft:beef":1,"minecraft:white_tulip":1,"minecraft:azalea":1,"minecraft:iron_nugget":62,"minecraft:poppy":3,"minecraft:iron_pickaxe":2,"delightful:green_tea_leaf":1,"minecraft:birch_sapling":1,"farmersdelight:cabbage_seeds":2,"minecraft:iron_boots":1,"butchersdelightfoods:cooked_sheeploin":1,"minecraft:stick":7,"minecraft:raw_iron":61,"minecraft:oak_door":4,"artifacts:charm_of_sinking":1,"minecraft:copper_ingot":2,"minecraft:torch":8,"botania:black_mushroom":2,"botania:purple_mushroom":1,"botania:lime_double_flower":1,"tombstone:grave_dust":1,"alexsmobs:centipede_leg":4,"corn_delight:corn_seeds":10,"butchersdelight:deadsheep":1,"minecraft:stone_sword":2,"minecraft:arrow":2,"minecraft:rotten_flesh":5,"botania:light_gray_mystical_flower":1,"minecraft:beetroot_seeds":3,"farmersdelight:onion":8,"minecraft:shears":1,"botania:blue_mystical_flower":2,"minecraft:red_tulip":2,"minecraft:pink_tulip":2,"minecraft:spruce_hanging_sign":1,"botania:green_mystical_flower":2,"delightful:cantaloupe_seeds":3,"farmersdelight:wild_carrots":1,"minecraft:glow_berries":10,"minecraft:white_wool":8,"alexsmobs:lobster_tail":1,"minecraft:cobblestone":24,"minecraft:birch_log":90,"botania:cyan_mushroom":1,"minecraft:magma_block":7,"minecraft:feather":1,"minecraft:lilac":2,"farmersdelight:rice":1,"minecraft:water_bucket":1,"minecraft:birch_planks":30,"botania:light_gray_mushroom":1,"minecraft:flint":1,"delightful:cantaloupe":3,"minecraft:oak_log":65,"supplementaries:flax_seeds":4,"minecraft:magenta_bed":1,"artifacts:cloud_in_a_bottle":1,"minecraft:lapis_lazuli":46,"minecraft:dirt":290,"botania:black_mystical_flower":2,"botania:white_double_flower":1,"minecraft:glass":4,"minecraft:bone":11,"botania:cyan_mystical_flower":2,"minecraft:apple":1,"botania:pink_mystical_flower":4,"minecraft:wheat_seeds":4,"qualitycrops:glow_berries_iron":3,"minecraft:iron_ingot":24,"minecraft:stone_pickaxe":1,"minecraft:mossy_stone_bricks":1,"minecraft:moss_block":23,"botania:gray_mystical_flower":3,"minecraft:oak_planks":5,"minecraft:flowering_azalea":5,"botania:pink_petal":7,"minecraft:dandelion":3,"minecraft:gravel":3,"minecraft:grass_block":1,"minecraft:sand":2,"minecraft:stripped_spruce_log":9,"minecraft:spruce_log":72,"botania:lime_mushroom":1,"delightful:salmonberries":6,"minecraft:cyan_bed":1,"minecraft:lily_of_the_valley":1,"travelersbackpack:standard":1,"minecraft:diamond":38,"ironfurnaces:copper_furnace":1,"minecraft:iron_helmet":1,"minecraft:spruce_sign":1,"qualitycrops:apple_diamond":1,"pineapple_delight:pineapple_crop":3,"alexsmobs:maggot":1,"minecraft:oak_sapling":8,"minecraft:coal":154,"minecraft:ender_pearl":1},"minecraft:killed":{"alexsmobs:lobster":3,"minecraft:spider":1,"alexsmobs:centipede_head":1,"minecraft:zombie":3,"alexsmobs:fly":1,"minecraft:enderman":1}},"DataVersion":3465}