{"stats":{"minecraft:killed":{"alexsmobs:lobster":3,"alexsmobs:fly":1},"minecraft:custom":{"minecraft:interact_with_furnace":7,"minecraft:mob_kills":4,"minecraft:interact_with_crafting_table":5,"minecraft:leave_game":1,"minecraft:time_since_death":56207,"minecraft:climb_one_cm":380,"minecraft:time_since_rest":56207,"minecraft:sprint_one_cm":9058,"minecraft:walk_one_cm":175879,"minecraft:damage_taken":380,"minecraft:drop":21,"minecraft:damage_dealt":783,"minecraft:fly_one_cm":2244,"minecraft:play_time":56207,"minecraft:walk_under_water_one_cm":6990,"minecraft:jump":303,"minecraft:walk_on_water_one_cm":7669,"minecraft:total_world_time":56207,"minecraft:fall_one_cm":2380},"minecraft:used":{"minecraft:moss_block":1,"minecraft:stone_sword":17,"minecraft:birch_planks":28,"minecraft:stone_pickaxe":104,"farmersdelight:cabbage":2,"minecraft:torch":4,"qualitycrops:glow_berries_iron":1,"delightful:salmonberries":5,"farmersdelight:onion":6,"minecraft:dirt":5,"minecraft:crafting_table":1,"minecraft:wooden_axe":13,"alexsmobs:lobster_tail":1,"minecraft:wooden_sword":25,"alexsmobs:animal_dictionary":2},"minecraft:picked_up":{"minecraft:wooden_axe":1,"minecraft:iron_chestplate":3,"minecraft:birch_log":14,"minecraft:crafting_table":1,"minecraft:allium":12,"minecraft:feather":1,"minecraft:lilac":2,"minecraft:clay_ball":12,"botania:light_gray_mushroom":1,"butchersdelightfoods:cooked_ham":1,"minecraft:flint":1,"supplementaries:flax_seeds":4,"artifacts:cloud_in_a_bottle":1,"minecraft:dirt":8,"minecraft:wooden_sword":1,"botania:black_mystical_flower":2,"minecraft:bone":4,"butchersdelightfoods:cookedporkribs":1,"butchersdelight:dead_cow":1,"minecraft:wheat_seeds":1,"minecraft:gold_nugget":15,"farmersdelight:cabbage":2,"qualitycrops:glow_berries_iron":2,"minecraft:white_tulip":1,"minecraft:iron_pickaxe":1,"minecraft:moss_block":8,"botania:gray_mystical_flower":3,"farmersdelight:cabbage_seeds":2,"minecraft:stick":1,"minecraft:raw_iron":44,"botania:purple_mushroom":1,"minecraft:gravel":3,"minecraft:sand":2,"botania:lime_double_flower":1,"delightful:salmonberries":5,"minecraft:lily_of_the_valley":1,"corn_delight:corn_seeds":5,"farmersdelight:onion":6,"botania:blue_mystical_flower":1,"alexsmobs:maggot":1,"minecraft:glow_berries":6,"minecraft:coal":36,"alexsmobs:lobster_tail":1,"minecraft:cobblestone":24},"minecraft:mined":{"minecraft:lily_of_the_valley":1,"corn_delight:wild_corn":3,"minecraft:clay":4,"minecraft:crafting_table":2,"minecraft:torch":1,"minecraft:grass_block":7,"farmersdelight:wild_cabbages":2,"minecraft:moss_block":9,"delightful:wild_salmonberries":1,"botania:black_mystical_flower":3,"supplementaries:urn":4,"botania:purple_mushroom":1,"farmersdelight:wild_onions":5,"farmersdelight:sandy_shrub":1,"botania:light_gray_mushroom":1,"butchersdelight:deadcowblock":1,"minecraft:birch_log":13,"minecraft:iron_ore":47,"botania:lime_double_flower":1,"minecraft:grass":8,"minecraft:coal_ore":20,"minecraft:deepslate_iron_ore":1,"minecraft:gravel":3,"minecraft:sand":1,"minecraft:dirt":1,"botania:gray_mystical_flower":3,"minecraft:white_tulip":1,"minecraft:stone":20},"minecraft:crafted":{"minecraft:wooden_sword":1,"minecraft:crafting_table":1,"minecraft:wooden_pickaxe":1,"minecraft:birch_planks":56,"minecraft:stick":16,"minecraft:stone_pickaxe":2,"minecraft:wooden_axe":1,"minecraft:stone_sword":1,"minecraft:torch":18},"minecraft:dropped":{"minecraft:gravel":3,"minecraft:white_tulip":1,"minecraft:moss_block":7,"butchersdelight:dead_cow":1,"minecraft:wheat_seeds":1,"minecraft:lilac":2,"minecraft:feather":1,"minecraft:glow_berries":6,"qualitycrops:glow_berries_iron":1,"minecraft:lily_of_the_valley":1,"minecraft:allium":12,"minecraft:wooden_axe":2,"minecraft:wooden_sword":2,"minecraft:sand":2,"minecraft:wooden_pickaxe":1}},"DataVersion":3465}